Waka Flocka Flame,*PLwDoU3lYsMZtFCECqxRHI3QuBBeLHHhRH,rap...rapGame,"2,00","bbno$ & andrei  - mr. miyagi ft. waka flocka flame,zFxgKZmDHrM;Waka Flocka Flame - ""No Hands"" ft. Wale & Roscoe Dash (Official Video),skhxizRYxps;Waka Flocka Flame - "" For My Dawgs "",RPmIn0iD_mA;Stephen Marley - Scars On My Feet ft. Waka Flocka Flame,WmfgK5-xBUI;David Lindley - ""Bye Bye Love"" | Central Reggae,8eqQr4I_tJU;Waka Flocka Flame - Chris Paul John Wall ft Jimmy Da Rocket & Luh Shotta E,9juplkH_B0k;Waka Flocka Flame - Round Of Applause feat. Drake (Official HD Video),j5Z3KUOrhS0",,wakaflockaflame,,
Rihanna,*PLmayP0qOPHaK0E_ubNJwHWn3h3UP5L0Gk,R&B,"0,00","Rihanna - Love Answers (Official Video),AcfvohG28eI;Rihanna - Your Love ft. Maroon 5 [Music Video],rMgKabcF1fU;Rihanna - To My Bed [Official Video],KdnaCgc7tj4;Rihanna - Back To You [Official Video],f2Cub7s7RCc;Rihanna - Love On The Brain (Explicit),zA-upjFaHvw;Rihanna - Mercy ft. WizKid (Official Music Video),PDq_IHl6y7g;Rihanna - Stay ft. Mikky Ekko,JF8BRvqGCNs;Rihanna - Birthday Cake (feat. Chris Brown),okeDc2eSJxE;Rihanna - Rude Boy (Tomy B Remix),pIXCkSurN24;Jeezas - We Got Doe - December 2018,Ko0l93NdegM;Rihanna - Cockiness (Love It) (Remix) (Explicit) ft. A$AP ROCKY,28t-OtYNtXA;FourNine - Jim Jones [Music Video] | Link Up TV,FEvuCb81DRs;Khalid Kane Brown - Saturday Nights REMIX (Official Video),5hqK-A0UxKw;Rihanna - How I Feel (NEW SONG 2019),TVKy7_zeon0;Plan B - Guess Again [OFFICIAL VIDEO],vv3VfXZtus4;Rihanna - Warned ft. The Weeknd Future,ABNZmBN5m7U;Rihanna - Angel ft. Zayn,ZSkGZmGhAT8;Yxng Bane - Rihanna (Official Music Video),1ruitsqQ34c;Rihanna Ft. Cardi B - Fall Out (Official Music Video),Ylv-wS9QaiA;Rihanna - Te Amo (Mert Altƒ±n Kizomba Mix),obVvNIC6Ktw;FIITU x MC LAN - Rihanna [prod Fiitu],YqkwJVAvSiM;Rihanna - Tonight ft. 21 Savage (Official Video),NEvLqiz1zJM",,rihanna,,
MGK,*PLdwwWqoY5XpGMKrUowE53uqVqqKcgPpaW,rap...rapGame,"3,00",undefined,,mgk,,
Chevy Woods - (mixtape),*PLClmWKrXQ6xpdDZfRsQwhndPRbTHP03Tz,rap,"5,00",undefined,,chevywoods,,
Snoop Dogg,*PLgXtP7yM0g1ZFYIo3LZTY8OlyVrVd5jy_,rap,,"Could You Be Snoop - Bob Marley vs Snoop Dogg - Mashup by DJ Topcat (Tracey Video Remix),fCOBh1SA7EI;Bob Marley & The Wailers - Catch a Fire (√Ålbum Completo),iYt_E1TlMEE;Ironik - Tuff ft. Snoop Dogg,9YjwzKDFHb4;Snoop Dogg - One More Day (feat. Charlie Wilson) ft. Charlie Wilson,BPmAxzEJpWA;Snoop Dogg - My Heat Goes Boom (Explicit),fJTFiM45v9U;Snoop Dogg Feat Warren G ; The Delinquents & Soul Re - Ballers Night Out,Rg0AT4EHUzg;Snoop Dogg - Bitchees Of Nice (2018),SPRH94XNWxI;Snoop Dogg - Music Makes Me High ft. Xzibit Tha Dogg Pound (Explicit),F4q8WnEECP0;Rick Ross ""Quintessential"" feat. Snoop Dogg (WSHH Exclusive - Official Music Video),qMI6Or9la9Y;Snoop Dogg - Blessing Me Again (feat. Rance Allen) [Official Music Video] ft. Rance Allen,yWJ2DdZjTzU;WAVEYA  sexy dance _ Jason Derulo - ""Wiggle"" feat. Snoop Dogg,YoePCBVO0oY;Ironik - Tuff ft. Snoop Dogg (Official Music Video),9YjwzKDFHb4;Black Eyed Peas - Be Nice Feat. Snoop Dogg,gHN-EhL8x3g;D'Banj ft. Snoop Dogg - Mr Endowed Remix OFFICIAL VIDEO,6xNUOaewOjg;Snoop Dogg - I Wanna Thank Me (feat. Marknoxx) (Official Video),7ehy1-6IuCg;Snoop Dogg - So High,bL9slaZDwSY;Snoop Dogg - Countdown (feat. Swizz Beatz) (Official Video),rpgQD40SIwA;Snoop Dogg - Do It When I'm In It (feat. Jermaine Dupri Ozuna & Slim Jxmmi) (Audio),Wvr9U-qrGNE;Tory Lanez - Beauty In The Benz Ft. Snoop Dogg (Official Music Video),7rouTbviTk4",,snoopdogg,,
Anuel AA,*PLPxFo6bxuI6ldFSQLHy-TGjD6QdhzXDgM,rap,,"Bad Bunny - Volvimos Ft Anuel AA (Video Concept),z0r9hWVpCoQ;Anuel AA Ft. Bad Bunny & Future - Thinkin (Video Oficial),FIFybLYsaOk;Anuel AA Ft. Ele A El Dominio - Amor o Sexo,EqRswRr6t7M;Anuel AA - Tacos Altos (Remix) FT Arcangel  Noriel Farruko y Bryant Myers,ET3ZzJI0rZA;Anuel AA- Conmigo No Forcen [ Remix ] Ft. Ozuna,avg2f1s4E_Y;Ozuna - 69 Ft Anuel AA (Video Concept),rKDeg17j3oE;Anuel AA Ft Noriel & Brytiago - Jersy [Official Video],PS-1eEPEJyY;Anuel AA - El Dia De Mi Funeral (Official Audio) 2017,Y_Tevq1SBMg;Anuel AA - Mi Loba,lO0g8uA2TH0;Que Ser√≠a - Anuel AA (Video Oficial),CzfWGTguIP0;Te Bote 2 - Anuel AA Ft Casper Magico Darell Nio Garcia,ribReO58OdA;Anuel AA - Ella Quiere Beber (Remix) ft. Romeo Santos,0w3XwPVxcsw;Anuel AA - Ella Quiere Beber (Video Oficial),BTtBmo5EbEk;BEBE - 6ix9ine Ft. Anuel AA (Prod. By Ronny J) (Official Music Video),ycV6cnK3SIs;Anuel AA - Te Bote Remix (Solo Version),2I0NThQ9vFA;Becky G Natti Natasha - Sin Pijama (Video Oficial),zEf423kYfqk;MANU STONE x TILOUISE - D'ERMERDE AOU (2018),ZIzNL5kZKmM;Lyan x Sou x Yomo - So√±ando Despierto (AudioOfficial) MAGICAL CITY,1jU2knXU_-k;Farruko - Oscuridad ft. Anuel AA (Audio),0BrW1Kf9IFE;Te Bote 2 - Anuel AA Ft Nio Garcia Jenifer Lopez Casper (Video Official),_uZopK3Uy7A;Janieck - Does It Matter (Alle Farben Remix) [Official Audio],M9wRMU9XBdQ;John Christian - The Trip,nT2svuj1ymI;Anuel AA - China (Letra) (ft. Karol G J. Balvin  Daddy Yankee  Ozuna),BSWuExn9sC4;Te Bote 2 - Anuel AA Ft Casper Magico Darell  Nio Garcia,ribReO58OdA",,anuelaa,,
Bad Bunny,*PL5BNaoYrNzWMhHDaWJoNiwjSZMo5Kom1G,rap,,"Bad Bunny - Pure Ft. Farruko & Bryant Myers,zww4bDKPTiY;Bad Bunny - Le Falt√© El Respeto [ Remix ] Ft. Arc√°ngel Farruko & J Alvarez,jle_cPmNNuo;Bad Bunny - Volvimos Ft Anuel AA (Video Concept),z0r9hWVpCoQ;Bad Bunny - Me Roli√©,A1NVW90qUEk;Bad Bunny - Polaroid (Video Oficial),_HcDa36sUIw;Tu Misma - Bad Bunny ft Alexis y Fido,RXQCYjlxaG8;Cosculluela Ft. Bad Bunny - Madura,LOYAomlRbxI;Enrique Iglesias - EL BA√ëO ft. Bad Bunny,gu9_m0vm7fM;Bad Bunny - Te Lo Meto Yo Ft. Farruko Lary Over Tempo Arcangel,48ciPOVTKck;Bad Bunny - Aquella Noche,eaZxOp5wHsU;Bad Bunny - Solo Avisame,748tGBGIJOU;Bad Bunny - El Challet Remix (V√≠deo Clip) Feat. Lary Over Jory Almighty Sou y Alexio,BqwVGKjZebA;J Balvin - Si Tu Novio Te Deja Sola ft. Bad Bunny,Km4BayZykwE;Bad Bunny - Otra Vez [ Remix ] Ft Darell,50iTHSzVVqg;Bad Bunny - Demonia Ft. Brytiago & Jantony,fpBoqX6KfBY;Bad Bunny - Amorfoda | Video Oficial,kLpH1nSLJSs;Bad Bunny - Estamos Bien | Video Oficial,bcHTl9h7TWI;Bad Bunny - Blockia Ft. Farruko,aKhjVTxLwiM;Dime - Chris Brown Ft. Bad Bunny (Video Oficial),OHUGQlpPrx8;BAD BUNNY - QUIERO TENERLA (OFFICIAL VIDEO),D_xk6ZPDELo;Vamos Pa La Calle - Bad Bunny (Video Oficial),bb0ITWc9LYw;Bad Bunny feat. Drake - Mia ( Video Oficial ),OSUxrSe5GbI;Wisin & Yandel ft. Bad Bunny - Dame algo (Video Oficial),ZFdlogQiBPo;Solo De Mi - Bad Bunny ( Video Oficial ),7rbprAR_Reg;YG - ""Bicken Back Being Bool"" (Official Video),rLRHiaC_VQo;Wisin & Yandel Zion & Lennox - Deseo (Audio),rFwHZ66NSI0;MC Lozin e MC Guguinha - Patr√£o Gigante (GR6 Filmes),vMeNudGNQqc;Mr Vegas - Wakanda Jam (Official Video),ZHr9mXnTDys;Swick Don - Pus!y Pic - August 2018,0s-N4HzjpBA;Caro - Bad Bunny ( Video Oficial ),bg64AFnRnkc;J Balvin - Si Tu Novio Te Deja Sola ft. Bad Bunny (Video Oficial),Km4BayZykwE;Landy (Ft. Dadju) - Muerte (Clip Officiel),HQ_ptUiS4Ns;Bad Bunny - No Me Superas ( Video Oficial ),UMhmehmXrsM;Bad Bunny - Ni Bien Ni Mal,JW3H4qmckoY;Vershon - On and Off Switch (Official Video),jqhsKqdpkeY;Ni Bien Ni Mal - Bad Bunny ( Video Oficial ),4oiZdbwxUuQ;Calla√≠ta - Bad Bunny ( Video Oficial ),acEOASYioGY;Nu-Vybes Band International - Party ""2019 Soca"" (Saint Kitts),XXBhgoUIeN0;DJ ROMS - SHATTA ADDICT (2019),qLGlWnXCU04;Yung Image - Feel So Good (Day Work Riddim) ""2019 Soca"" (Grenada),k6DXaKQyIls;Teddy Rhymez - Forever ""2019 Soca"" (Grenada) | Official Audio,eKcTz6tW-sA;Fadda Fox - Bruk It Off (Big Yam Riddim) ""2019 Soca"" (Barbados) | Official Audio,AckgdqGqsWA;Bad Bunny - Pendiente A Ti Feat. Enrique Iglesias ( Video Oficial Mashups - Cover HDM ),DNkcIfHbwRI;VETE - Bad Bunny ( Video Oficial ),f5aDUB1NCnk",,badbunny,,
Tyga,*PLeRTJl0ikTyskHcpdeJ5QZL7N9t8eTYoY,rap,,"Tyga - Dip (Official Video) ft. Nicki Minaj,YyWru2XOiK0;Tyga - SWISH (Official Music Video),ScdQQfAjFTk;Tyga - Taste (Official Music Video) ft. Offset,LjxulQ1bEWg;Iggy Azalea (feat. Tyga) - Kream | Traducida al espa√±ol & Lyrics,mZHqaxWT2s4;Iggy Azalea - Kream ft. Tyga (Official Music Video),t7lM7Bn16Zg;Tyga Ft. Offset - Taste,NcxQ0SWAUGI;Digital Sham Ft. Tyga - Taste (Remix) June 2018,QRXOQZ8-v9w;Chris Brown - Straight Up ft. Tyga (Music Video),GRm81IZm1AQ;Tyga - Temperature (Official Video),cgr_RN-1kcc;Tyga - Girls Have Fun (Official Video) ft. Rich The Kid G-Eazy,Y-fqWMaXb8A;Tyga - Goddamn (Official Video),6OLNQiYbGLQ;Tyga - Gabbana ft. Akon Wizkid,5rvlSHRt6dY;Tyga - Lightskin Lil Wayne (Official Video),5ju4JoN3ZKc;Tyga - Ayy Macarena (Official Video),obUHDyWFMi8",,tyga,,
Nicki Minaj,*PLRenhQjuCDJbSSQ6EA4vMojK_E3sjIuly,rap,,"Nicki Minaj - Good Form ft. Lil Wayne,M8GX0cZ-xtw;Nicki Minaj - Bed ft. Ariana Grande (Official Audio),iEky5pIDxJM;Nicki Minaj - Ganja Burn,eMymSXUN9nQ;Ariana Grande - Gimme On Up ft. Nicki Minaj (Official Video),lUgEoHf3Y0E;MaskiriTrevor Dongo and Leonard Mapfumo - Daira (Official Video),GNXrmFPw3cQ;Nicki Minaj - Bardi Done ft. Tory Lanez (Official Video),DKAmXhkCjSc;Ariana Grande - the light is coming ft. Nicki Minaj,OQitfe8u7i4;Nicki Minaj - Barbie Dreams,_bvLphVWHpo;NICKI MINAJ - BARBIE DREAMS (LYRICS),X4zKffF6UNQ;Nicki Minaj - Barbie Tingz,eppa0RXRU-I;Nicki Minaj - Barbie Tingz (Lyric Video),BidS_rcf7UU;Nicki Minaj - Panda (MC Freestyle) [feat. Lady Leshurr Lil Mama & Lil Kim] [MASHUP],BDhybcpSfDk;Nicki Minaj - Cute (feat. Cardi B & CupackKe) [MASHUP],jL0WEvLrbWM;Busta Rhymes - #TWERKIT ft. Nicki Minaj,20cFWzlhhTU;Keyshia Cole - I Ain't Thru ft. Nicki Minaj (Official Video),jdLAvOMHpqo;Trey Songz - Touchin Lovin ft. Nicki Minaj [Official Music Video],cEmrvCiEapM;Fergie - You Already Know ft. Nicki Minaj (Official Music Video),-Ifnaxi2LQg;Nicki Minaj - Anaconda ÎãàÌÇ§ÎØ∏ÎÇòÏ¶à ÏïÑÎÇòÏΩòÎã§ WAVEYA Twerking,hm4T0iQr93Q;Nicki Minaj - High School (Explicit) ft. Lil Wayne,RnpyRe_7jZA;Nicki Minaj - Hard White,ChotWwHqLpg;Landy - Le Dyonisien (Clip Officiel),UNZ9G6p1rYs;Avril Lavigne feat. Nicki Minaj - Dumb Blonde (Lyric Video),wC022MwPHKI;Morgan Page - Let You Go (Official Lyric Video),PaN8fh125IQ;Never Wanna Lose You (feat. Justine Skye & Jesper Jenset),M1UVcXW0gcQ;Nicki Minaj - MEGATRON,C3a1sz2Bp_E;Nicki Minaj - SUGE (Remix) (AUDIO),6-8QslChvDA;Nicki Minaj - Megatron (Maxi 2019) Dj 'Sk√πll,u2TYPawyc8A;Busta Rhymes ft. Nicki Minaj - #TWERKIT (Official Video),20cFWzlhhTU;Nicki Minaj ft. Iggy Azalea - Don't Give Up,bJIQNhh_8Vc;Nicki Minaj - Lats ft. Tory Lanez (Official Video),awPaVL6uijI;DaBaby ""iPHONE"" ft. Nicki Minaj (Music Video),6q6bKw7uIh0;Nicki Minaj ft. Megan Thee Stallion Lil Nas X  Monty - Cookie,Ypumn4k88Mg;a$ap ferg ft. Nicki Minaj - Plain Jane (ilkan G√ºn√º√ß Remix),YTqtH9onHUU",,nickiminaj,,
Juicy J,*PLK-JT3Ii9QKBrQceo66nn0orLuFGYiusE,rap,,"Juicy J - Neighbor (Official Video) ft. Travis Scott,WkSHRrFZFUA;Juicy J - Neighbor (Official Audio) ft. Travis Scott,9mLIVaHp4A4;Juicy J - Let Me See (Official Video) ft. Kevin Gates Lil Skies,p578E7tC9EA;Juicy J - One of Those Nights ft. The Weeknd (Explicit),VP7GNxLI9fM;Megan Thee Stallion - Simon Says ft. Juicy J (Official Audio),i2wX5fDoJXg;Juicy J feat. Wiz Khalifa - Smoke A Nigga,nBApNtVeLfs;Juicy J ft. Travis Scott - Neighbor (Official Video),WkSHRrFZFUA",,juicyj,,
Chevy Woods,*PLKGlqWrLkn_84j7f0jrLoEMp31Jd2hpXm,rap,,undefined,,chevywoods,,
Kanye West,*PLXu_cA-xfxWuJ03QYsdijfMVDRWVv0htk,rap,,"YNW Melly ft. Kanye West - Mixed Personalities (Dir. by @_ColeBennett_),iFv6BXjnKRU",,kanyewest,,
Wiz Khalifa,*PL_bQ3bfYo9ZUyfRE8w95ZmOD7A0P25-SN,rap,,"Wiz Khalifa - Hopeless Romantic feat. Swae Lee [Official Music Video],9VH0fUABBjY;Wiz Khalifa Feat.Two-9 & Ty Dolla $ign - Full House (Official Video),V7m8oZeY-7k;Tekno - One Africa ft. Wiz Khalifa (Official Video),l_kl1upc3bs;Sizzla - Seize The Violence,nhT3CMupgzI;Wiz Khalifa - Fr Fr ft. Lil Skies (Dir. by @_ColeBennett_),d_rongCrYOE;Wiz Khalifa - Universal Studios (Official Video),YuV-Rg7wpbE;Wiz Khalifa - Sleep Feat. 6LACK,zk5fR9dohc0;Wiz Khalifa - Real Rich feat. Gucci Mane [Official Music Video],9nV9GNjXFDo;Joe Moses - Bag ft. Wiz Khalifa [Music Video],PDVVYw1kOr4;Wiz Khalifa - Hopeless Romantic feat. Swae Lee [Official Audio],Sf5CmbLtiew;Wiz Khalifa - What's the Play (Audio),urIn0X0s7R8;Wiz Khalifa - Rolling Papers 2 [Official Music Video],45ezpveOTT8;Dimitri Vegas & Like Mike ft. Wiz Khalifa - When I Grow Up (Official Music Video),a8Foq32Qr90;Wiz Khalifa ft. Smokepurpp - Captain Remix [Official Lyrics],jDmYkbEJGuI;Wiz Khalifa - James Bong [Official Lyrics],ya1xPotKrSM;Ricky P Ft. Wiz Khalifa - Life is a Dream,sZ_MI9Risz4;Wiz Khalifa - We Dem Boyz [Official Video],UX6K7waag5Q;Ty Dolla $ign - Drugs ft. Wiz Khalifa [Official Audio],223-2Jd5P6E;Wiz Khalifa - Something New feat. Ty Dolla $ign [Official Music Video],qxGapEwtq6g;Wiz Khalifa - Garage Talk (Official Video),34RhYeE42RE;Snapchat - Young Deji ft. Wiz Khalifa [Official Video],Lb0UaI51wRU;Baby Goth - Sugar ft. Wiz Khalifa,p98jHW14xt8;THEY. ft. Wiz Khalifa - What I Know Now,F8ccSMKnljA;Wiz Khalifa - See You Again ft. Charlie Puth (8D Audio üéß),CEGscfSVJXc;Wiz Khalifa - Taylor [Official Video],fCHkzllTW0c;Wiz Khalifa - Hunnid Bands (official video) Prod. By Tay Keith,ziLFJzcSzQc;Juicy J feat. Wiz Khalifa - Smoke A Nigga,nBApNtVeLfs",,wizkhalifa,,
drake,*PL4TrGu5rwzH8GrqIfT69XBI7ytPiPSu-f,rap,,"Drake - In My Feelings,DRS_PpOrUZ4;Meek Mill - Going Bad feat. Drake [Official Audio],T3lKEb0Cs94;Wizkid - No Stress ft. Drake (Official Video),Pz7EFCKimJs;WizKid - Come Closer ft. Drake,vqW18C4plZ8;Bad Bunny feat. Drake - Mia ( Video Oficial ),OSUxrSe5GbI;MC Lozin e MC Guguinha - Patr√£o Gigante (GR6 Filmes),vMeNudGNQqc;Travis Scott - SICKO MODE ft. Drake,6ONRf7h3Mdk;French Montana - No Stylist ft. Drake,9_k_goMr5ZI;Drake - Talk Up / Lando McHaney Remix (Official Video),gpYzRjQiL7Y;Drake - Scorpion | #TheListeningParty (Ep.3) | Link Up TV,qel92dXuPNo;Drake - Nonstop,lJTRVX9R5EA;Drake - Duppy Freestyle,Qr_QLv1TPcY;Migos - Walk It Talk It ft. Drake,fGqdIPer-ms;Lil Wayne - Family Feud feat. Drake (Official Audio) | Dedication 6 D6 Reloaded,PjqKPHZJgF0;WizKid - Come Closer ft. Drake (Official Video),vqW18C4plZ8;WizKid - Hustle ft. Drake (Official Video),nmy_jfydyxY;Waka Flocka Flame - Round Of Applause feat. Drake (Official HD Video),j5Z3KUOrhS0;Meek Mill - Going Bad feat. Drake (Official Video),S1gp0m4B5p8;French Montana - No Stylist ft. Drake (Official Music Video),9_k_goMr5ZI;Lil Baby ft Drake - Yes Indeed Reggae Wysh,72IVrv80FRc;Drake - Nice For What,U9BwWKXjVaI;Drake - Your Mind ft. Nicki Minaj Cardi B (Official Video),ykXwNmnU6-c;Drake - Closure ft. Lil Baby Ozuna  Stefflon Don  WizKid  Doubledutch,d0JQ2R7zK_s;Travis Scott - SICKO MODE ft. Drake (Official Video),6ONRf7h3Mdk;Drake - Duppy Freestyle (Official Audio),Qr_QLv1TPcY;Swae Lee - Won't Be Late ft. Drake (Lyric Video),iBioIsLoXoE;Rick Ross - Gold Roses ft. Drake,x_UgzesG5Dc;Drake - Closure ft. Lil Baby Ozuna, Stefflon Don, WizKid, Doubledutch,d0JQ2R7zK_s;PARTYNEXTDOOR - Loyal ft. Drake,E68OG9s1IbM;PARTYNEXTDOOR - Loyal feat. Drake [Official Audio],FL7icWyial0;Drake - War,lIlMtVGI5Pg",,drake,,
Eminem,*PLC0w3lEHx2SF3NsbnqnLbWBWyF_3g0cjZ,rap,,"Eminem - The Real Slim Shady (ZIGGY Moombahton Remix),qfOUqQKP08A;Eminem - Lucky You ft. Joyner Lucas,mvSItvjFE1c;Eminem - Fall,MfTbHITdhEI;Eminem - Venom,8CdcCD5V-d8;EMINEM -Change The World (Official video) 2018,JmrRFAwhR3o;EMINEM- God Bless the Dead (2018),SD5IzGgn1yM;EMINEM- A Fine Day (ft. 50 CENT) 2018,mqNlbkgDii4;Eminem - River ft. Ed Sheeran,wfWIs2gFTAM;EMINEM -Fly Away (Official Video),IsJa3z8mdYY;Boogie - Rainy Days ft. Eminem [Audio],ebkd9vweQwU;Eminem - Walk On Water (Audio) ft. Beyonc√©,n1WpP7iowLc;Eminem - Ric Flair Drip [ft. Tyga 50 Cent] 2019,ppTwrr5QvD4;Eminem - Pure Water [ft. Migos Mustard] 2019,CWrxzrVXLkA;Childish Major - Naan (Official Audio) Prod. Groove,6atPeJ0tON0;Low Steppa feat. Ayak ‚Äì No Love,P4Mu9iA0_fE;Eminem - No Way [ft. Lil Wayne] 2019,yWqaYt6TExo;Eminem - Venom (Official Music Video),8CdcCD5V-d8;EMINEM -Change The World 2018,JmrRFAwhR3o;Eminem - River ft. Ed Sheeran (Official Video),wfWIs2gFTAM;Eminem - Don't Tell 'Em [ft. 50 Cent Jeremih] 2019,TmZP2LFlKCg;Eminem - So Cold 2019,xg3ZG0j61yM;Logic - Homicide ft. Eminem,eQkSArQxYJg;Boogie ft. Eminem - Rainy Days (Official Video),2dUMedOr864;Eminem - Paradise [ft. Post Malone] 2019,-ENDgoiJeHo;Canceled: Invitation feat. Eminem (Official Audio),o_WSqMCwjtY;Eminem - Cannon for Nick (NICK CANNON DISS RESPONSE),2d8Ti8uaCng",,eminem,,
Wiz Khalifa - (mixtape),*PLClmWKrXQ6xqqhh3ZqY4v1gS5hR406UMq,rap,,"Wiz Khalifa - Hopeless Romantic feat. Swae Lee [Official Music Video],9VH0fUABBjY;Wiz Khalifa Feat.Two-9 & Ty Dolla $ign - Full House (Official Video),V7m8oZeY-7k;Tekno - One Africa ft. Wiz Khalifa (Official Video),l_kl1upc3bs;Sizzla - Seize The Violence,nhT3CMupgzI;Wiz Khalifa - Fr Fr ft. Lil Skies (Dir. by @_ColeBennett_),d_rongCrYOE;Wiz Khalifa - Universal Studios (Official Video),YuV-Rg7wpbE;Wiz Khalifa - Sleep Feat. 6LACK,zk5fR9dohc0;Wiz Khalifa - Real Rich feat. Gucci Mane [Official Music Video],9nV9GNjXFDo;Joe Moses - Bag ft. Wiz Khalifa [Music Video],PDVVYw1kOr4;Wiz Khalifa - Hopeless Romantic feat. Swae Lee [Official Audio],Sf5CmbLtiew;Wiz Khalifa - What's the Play (Audio),urIn0X0s7R8;Wiz Khalifa - Rolling Papers 2 [Official Music Video],45ezpveOTT8;Dimitri Vegas & Like Mike ft. Wiz Khalifa - When I Grow Up (Official Music Video),a8Foq32Qr90;Wiz Khalifa ft. Smokepurpp - Captain Remix [Official Lyrics],jDmYkbEJGuI;Wiz Khalifa - James Bong [Official Lyrics],ya1xPotKrSM;Ricky P Ft. Wiz Khalifa - Life is a Dream,sZ_MI9Risz4;Wiz Khalifa - We Dem Boyz [Official Video],UX6K7waag5Q;Ty Dolla $ign - Drugs ft. Wiz Khalifa [Official Audio],223-2Jd5P6E;Wiz Khalifa - Something New feat. Ty Dolla $ign [Official Music Video],qxGapEwtq6g;Wiz Khalifa - Garage Talk (Official Video),34RhYeE42RE;Snapchat - Young Deji ft. Wiz Khalifa [Official Video],Lb0UaI51wRU;Baby Goth - Sugar ft. Wiz Khalifa,p98jHW14xt8;THEY. ft. Wiz Khalifa - What I Know Now,F8ccSMKnljA;Wiz Khalifa - See You Again ft. Charlie Puth (8D Audio üéß),CEGscfSVJXc;Wiz Khalifa - Taylor [Official Video],fCHkzllTW0c;Wiz Khalifa - Hunnid Bands (official video) Prod. By Tay Keith,ziLFJzcSzQc;Juicy J feat. Wiz Khalifa - Smoke A Nigga,nBApNtVeLfs",,wizkhalifa,,
Ty Dolla Sign,*PLQDtEy7VBpb7qywQGBHwUI1Y-Epq5nkp_,rap,,undefined,,tydollasign,,
Ty Dolla Sign - (mixtape),*PLClmWKrXQ6xp9tui1kqfi1swhvhd0cgeS,rap,,undefined,,tydollasign,,
Wiz Khalifa,*PL_bQ3bfYo9ZUyfRE8w95ZmOD7A0P25-SN,rap,,"Wiz Khalifa - Hopeless Romantic feat. Swae Lee [Official Music Video],9VH0fUABBjY;Wiz Khalifa Feat.Two-9 & Ty Dolla $ign - Full House (Official Video),V7m8oZeY-7k;Tekno - One Africa ft. Wiz Khalifa (Official Video),l_kl1upc3bs;Sizzla - Seize The Violence,nhT3CMupgzI;Wiz Khalifa - Fr Fr ft. Lil Skies (Dir. by @_ColeBennett_),d_rongCrYOE;Wiz Khalifa - Universal Studios (Official Video),YuV-Rg7wpbE;Wiz Khalifa - Sleep Feat. 6LACK,zk5fR9dohc0;Wiz Khalifa - Real Rich feat. Gucci Mane [Official Music Video],9nV9GNjXFDo;Joe Moses - Bag ft. Wiz Khalifa [Music Video],PDVVYw1kOr4;Wiz Khalifa - Hopeless Romantic feat. Swae Lee [Official Audio],Sf5CmbLtiew;Wiz Khalifa - What's the Play (Audio),urIn0X0s7R8;Wiz Khalifa - Rolling Papers 2 [Official Music Video],45ezpveOTT8;Dimitri Vegas & Like Mike ft. Wiz Khalifa - When I Grow Up (Official Music Video),a8Foq32Qr90;Wiz Khalifa ft. Smokepurpp - Captain Remix [Official Lyrics],jDmYkbEJGuI;Wiz Khalifa - James Bong [Official Lyrics],ya1xPotKrSM;Ricky P Ft. Wiz Khalifa - Life is a Dream,sZ_MI9Risz4;Wiz Khalifa - We Dem Boyz [Official Video],UX6K7waag5Q;Ty Dolla $ign - Drugs ft. Wiz Khalifa [Official Audio],223-2Jd5P6E;Wiz Khalifa - Something New feat. Ty Dolla $ign [Official Music Video],qxGapEwtq6g;Wiz Khalifa - Garage Talk (Official Video),34RhYeE42RE;Snapchat - Young Deji ft. Wiz Khalifa [Official Video],Lb0UaI51wRU;Baby Goth - Sugar ft. Wiz Khalifa,p98jHW14xt8;THEY. ft. Wiz Khalifa - What I Know Now,F8ccSMKnljA;Wiz Khalifa - See You Again ft. Charlie Puth (8D Audio üéß),CEGscfSVJXc;Wiz Khalifa - Taylor [Official Video],fCHkzllTW0c;Wiz Khalifa - Hunnid Bands (official video) Prod. By Tay Keith,ziLFJzcSzQc;Juicy J feat. Wiz Khalifa - Smoke A Nigga,nBApNtVeLfs",,wizkhalifa,,
Tyga,*PLeRTJl0ikTyskHcpdeJ5QZL7N9t8eTYoY,rap,,"Tyga - Dip (Official Video) ft. Nicki Minaj,YyWru2XOiK0;Tyga - SWISH (Official Music Video),ScdQQfAjFTk;Tyga - Taste (Official Music Video) ft. Offset,LjxulQ1bEWg;Iggy Azalea (feat. Tyga) - Kream | Traducida al espa√±ol & Lyrics,mZHqaxWT2s4;Iggy Azalea - Kream ft. Tyga (Official Music Video),t7lM7Bn16Zg;Tyga Ft. Offset - Taste,NcxQ0SWAUGI;Digital Sham Ft. Tyga - Taste (Remix) June 2018,QRXOQZ8-v9w;Chris Brown - Straight Up ft. Tyga (Music Video),GRm81IZm1AQ;Tyga - Temperature (Official Video),cgr_RN-1kcc;Tyga - Girls Have Fun (Official Video) ft. Rich The Kid G-Eazy,Y-fqWMaXb8A;Tyga - Goddamn (Official Video),6OLNQiYbGLQ;Tyga - Gabbana ft. Akon Wizkid,5rvlSHRt6dY;Tyga - Lightskin Lil Wayne (Official Video),5ju4JoN3ZKc;Tyga - Ayy Macarena (Official Video),obUHDyWFMi8",,tyga,,
Akala,*PLI7cIeip1vBvwuV-bmRBfgwMwVXEQk8Q1,rap,,undefined,,akala,,
Fun-Da-Mental,*PL1AYPIBtb1aGcWg4Ru8O_97BWkA74ehjW,rap,,"undefinedPNL - DA [Clip Officiel],9PODnRarD78;Daft Punk - Within,Q5l2ChAqRDg;Daft Punk - Human After All - Electroma,hrB-_nIer88undefined",,fun,da,mental
Ozuna,*PLGM93eHaQyn2y61uVeONUfWttBn7cNVSt,rap...rapGame,,"Ozuna - Luz Apaga feat. Lunay Rauw Alejandro & Lyanno (Video Oficial),TWsq3QPv_Oc;Ozuna - Se Prepar√≥ (Video Oficial) | Odisea,KWGrPNqz4uc;New Generation - Ti Koze Si Mwin (Clip Officiel),7uMVZsn4TE0;Ozuna - Quiero Mas Feat. Wisin y Yandel (Video Oficial),2rtWJpvElkQ;Ozuna - Devu√©lveme  ( Video Oficial ),HOoQCbZh4eo;Ozuna - Me Enamoras (Video Concept),fQMrE8_Pe_s;Ozuna - Com√©ntale Feat. Akon (Video Oficial),dG1my0cpTc8;NUEVO - Ozuna Feat Maluma Reykon  - Esta Soledad -  Reggaeton 2018,ScClgK72VA0;Ozuna - Como Tu,Czx-IxoqrU0;Ozuna - La Modelo Ft Cardi B (Video Oficial),X8sSXU-J8fI;Ozuna- BAILA BAILA BAILA (Video Oficial),32F2d-wj4Xw;Asesina Remix - Brytiago / Darell / Daddy Yankee / Ozuna / Anuel AA,-wgz-PgW8B4;Germaine - T√∫ Te Lo Pierdes,8nbAKH_zYeE;J. Balvin - Reggaeton (Official Video),6DHDIDgn2oA;MC IG - 30 On√ßa e 20 Peixe (GR6 Filmes),QEoMoZ_syhU;MC Ryan SP - Pique de Milion√°rio (GR6 Filmes) DJ LK,YXBKDPDWEf0;MC Livinho - Companhia (GR6 Filmes) Perera DJ,NRrxXavC2k4;Massari - Tune In (Official Video) ft. Afrojack Beenie Man,Tutd1a21Tzc;Logun - Loving Guaranteed ""2018 Reggae"" (Official Audio),UDYMOix2bLM;Di Genius - Pick Up Freestyle [Dancehall],qojDYV40Sqk;Koba LaD - La C,PXNfg73vqn4;Yardycashflow - Unda Grung [Official Music Video HD],jjbu2IZ0rCg;Ozuna - Ibiza (Feat. Romeo Santos) (Audio Oficial),3jyy-1v-GgM;Ozuna - Se Solt√≥ Ft Farruko (Video Oficial),0N4zeKgxLAw;Ozuna - Aura (Feat. Arthur Hanlon) (Audio Oficial),SrloZYkzyl8;Ozuna - El Farsante (Audio Oficial) | Odisea,6DRkf3kZMXw;Ozuna - Mi Due√±a Ft. Towy,lkoEUcjnhcY;Don Omar ft. Ozuna - Es Algo T√≠mida,bpaC66GOFiQ;Carita De Angel - Ozuna (Video Concept),-zy3rUavjrU;Ozuna - S√≠gueme Los Pasos (Feat. J Balvin & Natti Natasha) (Audio Oficial),wykqGblj1og;Ozuna - Me Dijeron (Video Oficial),JW8_XcwsnOY;NUEVO - Ozuna - Ella y yo (Video Oficial)  Reggaeton 2018,Hn3OgVI4Dx4;Ozuna - UÃÅnica (Video Oficial) üêª A U R A,Ck4xHocysLw;Bali Bandits - Lucky Chances (feat. KSHMR) [Official Audio],FvhBoG3nVUY;Ozuna - Vac√≠a Sin M√≠ feat. Darell (Video Oficial),NlzbKxS0q5M;Ozuna - Baila Baila Baila (Remix) Feat. Daddy Yankee J Balvin  Farruko  Anuel AA (Audio Oficial),CsSgg_iZHz4;Ozuna - Te So√±√© De Nuevo (Video Oficial),eKaD_-Tl544;Ozuna - Amor Genuino (Audio Oficial),jQkJMutvYkA;Ozuna - Hoy Aprendi Feat Daddy Yankee  Farruko  ( Remix - Mashups - Her David ),g2ssoNO-ufk;Lady Essence - Ruff Ryda (Official Music Video) ""2018 Soca"" (Barbados),Jwtn-IcVQzo;Ozuna - Hasta Que Salga El Sol | Cap.2 ( Video Oficial),8-BNyX1DOSo",,ozuna,,
XXXTENTACION,*PL-95FHe5Zg6c4V0dfmwHHei9e2hXvHU5b,rap...rapGame,,"Noah Cyrus - Again ft. XXXTENTACION (Official Video),G_SjnHwxWMU;XXXTENTACION - MOONLIGHT (OFFICIAL MUSIC VIDEO),GX8Hg6kWQYI;XXXTENTACION - Look At Me! (Audio),wJGcwEv7838;XXXTENTACION - SAD! (Official Music Video),iAeYPfrXwk4;XXXTENTACION - Jocelyn Flores (Audio),FAucVNRx_mU;Lil Wayne - Don‚Äôt Cry ft. XXXTENTACION,fkLLeOCOQ3w;XXXTENTACION ~ 17 (Album Medley) Cover KidTravisOfficial,PHm9ly82IAM;XXXTENTACION  - Royalty (Official Video) (feat. Ky-Mani Marley Stefflon Don & Vybz Kartel),009XGotXWCs;XXXTENTACION - HOPE (2018),A5SIqkWZLS8;XXXTENTACION - bad vibes forever (Audio) (feat. PnB Rock & Trippie Redd),i-DgvX9Yez4;XXXTENTACION - Hot Gyal (Official Video) (feat. Mavado & Tory Lanez),1H0qgCWlHjs",,xxxtentacion,,
Meek Mill,*PLgEFVNPXJhThJs5FS8d7pLz53b1VPDGkj,rap...rapGame,,"Meek Mill - Going Bad feat. Drake [Official Audio],T3lKEb0Cs94;Meek Mill - Gave Em Hope [Music Video],iDSrPabHsik;Meek Mill Feat. Migos - Contagious [Music Video],HejK-34rONY;Meek Mill - Pray For Em [Music Video],Iu9cEycLhMQ;T.I. - Jefe ft. Meek Mill,NalbryU_EK0;Meek Mill - Millidelphia (feat. Swizz Beats) [Official Audio],fcGIcU3TLtE;Meek Mill - Pablo Escobar (Music Video),8NlqwHxAYyc;Meek Mill - Stay Woke feat. Miguel (Official Audio),dVfdsBtXjQg;Meek Mill Ft. Nicki Minaj & Chris Brown - All Eyes On You (Official Video),ut9ThAbfde0;Cardi B - Revange Remix ft. Meek Mill (Official Video),X_7CyrFQ0tI;Meek Mill - Going Bad feat. Drake (Official Video),S1gp0m4B5p8;Meek Mill - Dangerous (feat. Jeremih & PnB Rock),stcIiJbwpio;Tory Lanez - DrIP DrIp Drip ft. Meek Mill,FR3GPARqdIg;Meek Mill - What's Free feat. Rick Ross & Jay Z [Official Audio],FpNWvxE9nXY;Meek Mill - Oodles O'Noodles Babies [Official Video],hOkqtkvxp-w;Meek Mill - Trauma (Official Video),DU2FWrxiGcI",,meekmill,,
YFN Lucci,*PLovgGWbgSsmAmIFAvtLuMHvBsHprLGAt9,rap...rapGame,,"YFN Lucci - All Night Long feat. Trey Songz [Official Video],r2GaPekM1OQ",,yfnlucci,,
Migos,*PLfQALVM3SEjLPDzDGOIw1Dh8eU8KQtHnq,rap...rapGame,,"Migos - ""Bad"" ft. Street Billionaires (Official Video),Sptr64R4OKE;Meek Mill Feat. Migos - Contagious [Music Video],HejK-34rONY;Migos - Bosses Don't Speak [Music Video],AUbbrUK-1hw;Migos- Narcos | HiiiKey Ayo & Teo Grim,1hidbybblYE;Migos - Narcos,unh8kWUuNt4;Migos - Is You Ready,VINnS6FKM54;Migos - Walk It Talk It ft. Drake,fGqdIPer-ms;Migos - Narcos (Audio),Xful8O9nTTs;Migos ft. Wiz Khalifa & Rae Sremmurd - Beamer (NEW 2018),gHV7y8h7K88;Migos - Stir Fry (Official),HI-mXMr8glQ;Migos - Notice Me (Audio) ft. Post Malone,vHZgnlZho50;Brvbus x Kaaris - Transfert,HMXCO6kzbb4;Migos - Cant 't Go Out Sad [Prod. By Ricky Racks] @beatbyjeff,Rqm_kRbWB-Y;Migos - Is You Ready (Audio/From ""Mile 22""),VINnS6FKM54;Gucci Mane - I Get The Bag feat. Migos [Official Music Video],uo14xGYwWd4",,migos,,
Post Malone,*PLegvV8yC11jYacAMlRXvasFH0dPuNsIRv,rap...rapGame,,"Post Malone - Psycho ft. Ty Dolla $ign,au2n7VVGv_c;Post Malone - No Time (NEW 2018),7MjIBHBfyac;Post Malone - Better Now,UYwF-jdcVjY;Dynamite Dylan ft. Post Malone - You (Official Video),bVtg4l1-eOM;Post Malone ft. 21 Savage - Rockstar (SKVNDV & WILD FUNK 2K18 REFLIP),eYQEobSmrFk;Post Malone Feat. Nicky Jam & Ozuna - rockstar Latin remix,qJKgfOUUrZo;POST MALONE - Broken Whiskey Glass -,jpelaelj14U;Post Malone - rockstar ft. 21 Savage (Steve Andreas Remix),3ctEWlAp5LU;Post Malone - Rockstar (Lyrics) ft. 21 Savage,louoxiUMBc0;Post Malone - rockstar ft. 21 Savage (Official Audio),4GFAZBKZVJY;MONDO GROSSO / „É©„Éì„É™„É≥„Çπ,_2quiyHfJQw;Post Malone - ""Wow."" (Remix) feat Roddy Ricch & Tyga,lwWHn61Ty_A;Post Malone - ""Wow."" (Official Music Video),393C3pr2ioY;Post Malone - ""Wow."" Remix feat. Roddy Ricch & Tyga (Official Video),Em1uK7KKc6o;Post Malone - Go Flex,tQjsAJhsSw8;Post Malone - WOW (Alaskey Remix) 2019,hqNsB2g8sbk;Sam Feldt - Post Malone (feat. RANI) [Official Music Video],TewoJFN61mI;Post Malone - ""Goodbyes"" ft. Young Thug (Rated R),ba7mB8oueCY;Post Malone - Goodbyes ft. Young Thug (Rated PG),S4asq3SicN0;Sam Feldt - Post Malone (feat. RANI) [Joe Stone Remix] (Official Music Video),AbHTHrYGD5E;Sam Feldt - Post Malone (feat. RANI) (Friend Within Remix) [Official Music Video],uhS7LKDtNxU;Lil Pump ft. Chris Brown & Tyga - Post Malone (Music Video),h1bxr1JRoJQ;Post Malone - Die For Me (Audio) ft. Future Halsey,I_QpDE-Uco0;Post Malone - Take What You Want (Lyrics) ft. Ozzy Osbourne & Travis Scott,T_9c4pDQMOQ;Post Malone - Myself (Audio),gqthPT8vK7o;Post Malone - Saint-Tropez (Official Video),MRyLC2M1K2w;Sam Feldt - Post Malone (feat. RANI) [Club Mix] (Official Music Video),L6ZpPAeef7o;Post Malone - Circles,wXhTHyIgQ_U",,postmalone,,
A Boogie,*PLLQ4C_mDWRDRoc-dDb8gFtAGNzZQkq5Be,rap...rapGame,,undefined,,aboogie,,
J Balvin,*PL0XPfRbuGHYZ5tltFzgJB2KZ_6t14Q2wk,rap...rapGame,,"J. Balvin - Reggaeton,6DHDIDgn2oA;Enrique Iglesias ft. J Balvin - Mil Pedazos (New 2018) Music video Mashup,LUam9V8Jzcg;J. Balvin - Reggaeton (Official Video),6DHDIDgn2oA;Anitta - Veneno (Official Music Video),LoYYtYjB3h4;Byrd Villi - Jungle 12 - August 2018,DpkUvpbNtWc;J Balvin - En M√≠ (OFFICIAL COVER VIDEO),QQ32k5yqTmY;J Balvin - Snapchat (Live at BRUUTTAL),uhk9diAxpVY;J Balvin - Si Tu Novio Te Deja Sola ft. Bad Bunny (Video Oficial),Km4BayZykwE;J. Balvin - La Rebeli√≥n,vfN_HealI84;J Balvin - Our Way Of Life Feat Ozuna, Farruko, Ky-Mani Marley (Oficial Mashups - Remix Her David),o4-JSTFUcLA;J Balvin - Our Way Of Life Feat Ozuna  Farruko  Ky-Mani Marley (Oficial Mashups - Remix Her David),o4-JSTFUcLA;J Balvin - Atrevido Feat. Maluma Luis Fonsi ( Video Oficial - Mashups Cover - Her David ),IwA26XUTYFM;J. Balvin - Blanco (Official Video),8j1xiiAZhIQ",,jbalvin,,
Wale,*PLMGEnkIQokJqdojC4UkDuLNXFhp-m25H5,rap...rapGame,,"Wale - Wale Performs Acapella Version of ""Ungrateful & Thankful"",-lUZKemLPJk;Wale - Black Bonnie (feat. Jacquees) (Official Video),KmR47_vyD2w;Kwesta - Spirit ft. Wale,P36O8dPuGDo;Rudeboy - Onyinye ft. Wale (Official Video),eV5Ocn3Thr0;Wale - On Chill (feat. Jeremih) [Official Music Video],iX9ICUr1yEw",,wale,,
Gucci Mane,*PLQo4-T96b_T4qPYlR7KE0PS8SLp6MoSeI,rap...rapGame,,"Gucci Mane - I'm Not Goin' (feat. Kevin Gates) [Official Music Video],DEIUzqLFNPM;Masicka - Stay Strong (Audio Video),L0Y5gkojzoA;Bums - Deh Yah Same Way - August 2018,7my9RBDzS80;Wiz Khalifa - Real Rich feat. Gucci Mane [Official Music Video],9nV9GNjXFDo;Gucci Mane - The Hood Classics [Full Mixtape + Download Link] [2011],rT1myrSIhes;Future Fambo - How We Living Remix ft. Gucci Mane,tbRevh-_sfs;Gucci Mane - Kept Back feat. Lil Pump [Official Music Video],DN6WWu_KEQs;Gucci Mane  - Curve (ft. The Weeknd),NVCqz2BDfcQ;Gucci Mane - Enormous feat. Ty Dolla $ign [Official Music Video],EW6TP7o_o5U;Dreezy - We Gon Ride ft. Gucci Mane,wIqJfixrJu8;Offset - Quarter Milli ft. Gucci Mane,Z51iEGMPQ9o;Le A - PMU,gyKtFyvb5Z8;Gucci Mane feat. Meek Mill ""Backwards"" Music Video BTS (WSHH Exclusive - Official Music Video),sp1EA-mpBwk;Quality Control Migos  Lil Yachty - ""Intro"" feat. Gucci Mane (Official Music Video),jf2bM4bjzUA;Gucci Mane - I Get The Bag feat. Migos [Official Music Video],uo14xGYwWd4;Gucci Mane - Big Booty feat. Megan Thee Stallion [Official Video],ypdY_UJUWpk;Gucci Mane - Big Booty feat. Megan Thee Stallion [Official Audio],b_Kx8tx88oQ;Gucci Mane - Bucking the System feat. Kevin Gates [Official Audio],d-AaaJuR7cU;Gucci Mane Ft. DaBaby & NBA YoungBoy ""Richer Than Errybody"" (Music Video),e8mEJ-mUiX0",,guccimane,,
Juicy J,*PLK-JT3Ii9QKBrQceo66nn0orLuFGYiusE,rap...rapGame,,"Juicy J - Neighbor (Official Video) ft. Travis Scott,WkSHRrFZFUA;Juicy J - Neighbor (Official Audio) ft. Travis Scott,9mLIVaHp4A4;Juicy J - Let Me See (Official Video) ft. Kevin Gates Lil Skies,p578E7tC9EA;Juicy J - One of Those Nights ft. The Weeknd (Explicit),VP7GNxLI9fM;Megan Thee Stallion - Simon Says ft. Juicy J (Official Audio),i2wX5fDoJXg;Juicy J feat. Wiz Khalifa - Smoke A Nigga,nBApNtVeLfs;Juicy J ft. Travis Scott - Neighbor (Official Video),WkSHRrFZFUA",,juicyj,,
Wu Tang Clan,*PL9uczDoXQxSaxoyw9Ye08vbTH7BkQDz0e,rap...rapGame,,undefined,,wutangclan,,
Lil Durk,*PL4n7yneXyGu11kEarEhiHzU3RIh6837GP,rap...rapGame,,"Lil Durk Feat. Young Dolph & Lil Baby ""Downfall"" (WSHH Exclusive - Official Music Video),jGMSBaMF7oc;Lil Durk Feat. Future ""Spin The Block"" (WSHH Exclusive - Official Audio),r-2ph_RyFD0;Lil Durk Feat. Valee ""Do The Most (Prod. by Young Chop) (WSHH Exclusive - Official Audio),kC7-EnVEuPg;Lil Durk Feat. YFN Lucci ""Dirty Diana"" (WSHH Exclusive - Official Audio),4cnOdkcOguU;Lil Durk - India (Official Music Video),2hDVOQdt6cg;Lil Durk - Die Slow feat. 21 Savage (Official Audio),5dVTGWbsvyY",,lildurk,,
Young Thug,*PL7sdy1jcOYJ1EuXxuQ9YOT07kRwTkjk47,rap...rapGame,,"Young Thug - Chanel (ft Gunna & Lil Baby) [Official Video],yCPCqbwfe58;Young Thug - Chanel (Go Get it) (ft. Gunna & Lil Baby) [Official Visualizer],da4Z0sgURMQ;Young Thug - Back Bone (Before Anythang),cYhZD6IA88g;Camila Cabello - Havana ft. Young Thug (Mr.UNKWN Remix),3ly_TBgIE0A;Young Thug - Climax (ft. 6LACK) [Official Audio],t5O4lLUSJL4;Young Thug - Sin (ft. Jaden Smith) [Official Audio],eHrGwEypJ2U;Young Thug - Dirty Shoes (ft. Gunna) [Official Video],8nxbrb3h8pE;Young Thug - On The Rvn (Full Album),_raT66kJTEA;Young Thug - Gain Clout [Official Video],WlkgstWUBgs;Young Thug - It's A Slime (ft. Lil Uzi Vert) [Official Visualizer],UuxyIZEGGbk;Young Thug Feat. Gunna ""Dirty Shoes"" (WSHH Exclusive - Official Audio),rFwywuxP6p0;Young Thug Feat. Lil Baby & Gunna ""Chanel (Go Get It)"" (WSHH Exclusive - Official Audio),ni4DfcZV8L8;Young Thug Feat. Lil Uzi Vert ""It's A Slime"" (WSHH Exclusive - Official Audio),O_yWnNNvLEk;Young Thug - Slimed In (ft. Nechie) [Official Visualizer],LT2bNg6-2eM;Young Thug - U Ain't Slime Enough (ft. Karlae & Duke) [Official Visualizer],jthTikpbNzI;Young Thug - Tsunami [Official Visualizer],DKdG7QzQCCI;Future ""Show My Chain Some Love"" ft. Young Thug (Music Video),4B8v2IHZ6ko;Young Thug - Up feat. Lil Uzi Vert [Official Music Video],OSAAGrnZt8Q;Swizz Beatz - 25 Soldiers ft. Young Thug,a8pVhWpujl4;Young Thug - You Said Feat. Quavo [New Song],dG3-FdSUQlI;NAV - Tussin ft. Young Thug (Official Audio),OrE7Zll82Gs;Young Thug - Halftime [Official Video],KyCTZ8c-trc;Young Thug - The London (ft. J. Cole & Travis Scott) [Official Audio],OKhT_6XtD7I;Davido - Crazy Love ft. Young Thug (Official Video),YhRv3rtHrd0;Post Malone - ""Goodbyes"" ft. Young Thug (Rated R),ba7mB8oueCY;Post Malone - Goodbyes ft. Young Thug (Rated PG),S4asq3SicN0;Young Thug - The London ft. J. Cole & Travis Scott [Official Video],G8Hp-AKrfm0;Young Thug - Surf ft. Gunna [Official Video],e0t9RpSje7w;Young Thug - Lil Baby (Official Audio),_fbFS2Yo-wE;Young Thug - ""Hercules"" (Prod. by Metro Boomin),2TOB2McGSVw;Young Thug - What's The Move ft. Lil Uzi Vert [Official Video],L32ZHlOqqGY;Young Thug - Hot ft. Gunna & Travis Scott [Official Video],leJNDpm_G10;Young Thug - Hot ft. Gunna & Travis Scott [Official Music Video],leJNDpm_G10;Young Thug - Hop Off a Jet ft. Travis Scott [Official Audio],6E5VX5ZqJps",,youngthug,,
Future,*PLJ6z_vXJKxu3dp6fxPJ6FKg0aYPoI9CeT,rap...rapGame,1,"Future - Mask Off (Reggae Remix by Sentinel X Irievibrations X Youngheart),sMsfSz-t678;Future - With You ft. Wizkid (Official Video),7826Kq1Ul3Y;Future - Crushed Up,YMrcUaI6NUA;*New* Tyga Ft Travis Scott 21 Savage & Gucci Mane (2018) ""Speedin"" (Explicit),6wCczgkJgO0;‚óè –ß—ë—Ä–Ω–∞—è –¢–∞—Ç—É—Ö–∞ ‚óè,YA7YnO2qXqs;Maroon 5 ft Future: Cold | Kizomba Remix by JP Beatz,eoRK3llzSME;Future - Blood On the Money (Official Music Video),2y-edrXIZjA;Future - Jumpin on a Jet,vJLr9mpcY8Q;Slightly Stoopid - Mellow Mood (feat. G.Love),HBh17_dmaFw;Galawasp Arcus - OHHH (Raw) October 2018,WA_UJnPgyB8;Future - Low Life (Official Music Video) ft. The Weeknd,K_9tX4eHztY;Future - Forgive Me Ft. 21 Savage (NEW 2018),iPpksW38opw;Future - RACKS BLUE (Official Audio),4N5x1HpiuJs;Future - 31 DAYS (Official Audio),rcTIq5mtRRM;Rick Ross - Green Gucci Suit ft. Future (Official Video),bV_QeJ3qLFk;Future - No Shame (Official Music Video from ""SUPERFLY"") ft. PARTYNEXTDOOR,y5SxNJSGDTw;Tory Lanez - Real Thing ft. Future,Udd6cR9va4s;A!sachie - Future - October 2018,YFMsdgqqujI;Future - Unicorn Purp (Audio) ft. Young Thug Gunna,TwOpW6dP7FU;Future - Stick to the Models (Audio),QAcHcuqY_rs;Future - Rocket Ship,88vIo2Dd0kc;Future - Feds Did a Sweep (Official Music Video),c8rzM_3wepE;Future - You Da Baddest (Official Music Video) ft. Nicki Minaj,2DBBb3_p8eg;Future - Extra Luv (Official Music Video) ft. YG,bgKJiXf5KkY;Future - First Off (Audio) ft. Travis Scott,BeYG-tboiOU;Future - Goin Dummi,EkwyWSAiUq4;Future - PIE (Official Music Video) ft. Chris Brown,obWywMv-N4k;Future - ""Promise U That"" Official Live Performance | Vevo,wq08GlOh1L4;Future - Never Stop (Official Music Video),nNS3ye93eZA;Future - ""Call The Coroner"" Official Live Performance | Vevo,TYYAtoZ-QeQ;Future - Goin Dummi (Official Music Video),EkwyWSAiUq4;Future - Jumpin on a Jet (Official Music Video),vJLr9mpcY8Q;Future - Crushed Up (Official Music Video),YMrcUaI6NUA;6LACK - East Atlanta Love Letter ft. Future (Official Music Video) ft. Future,VsLpPqyksec;Kaaris - Crystal ft. Future,kN09y8oiTrA;Future - XanaX Damage (Audio),E2M-6Ye32Ts;Future - Love Thy Enemies (Audio),HmMh6TaoQ8g;Future - Government Official,tR2q-L_XZkE;Future - Please Tell Me (Audio),lqwGshj-IoQ;Future - St. Lucia,EbxGAtxfs14;Future - 100 Shooters (Audio) ft. Meek Mill Doe Boy,kPqFxSmCPJc;Lil Baby - ""Out The Mud"" ft. Future (Official Music Video),aWotrzyK5GA;Future - Comin Out Strong (feat. The Weeknd) Music Video,NYivX_GnFUY;FKA twigs - holy terrain feat. Future,WEJRyBWpuvA;Doe Boy ft. Future - ""Most Wanted"" (Official Music Video),zYuPVJPzEAc;Future - 2Pac (Audio),sACqZlAp5bI;Future - Radical (Audio),Gox1TLaPzbc;Future - Codeine Crazy (Audio),O7eVICpL8FY;Tinashe ft. Future - Faded Love (Vertical Video),UOfgkkHEcfU;Future - Last Name (Official Music Video) ft. Lil Durk,TmZhesvByUg",,future,,
Lil Wayne,*PLasA1IRBDbhwJZnfTgsGXEMw5o7eB5izr,rap,5,"Nicki Minaj - Good Form ft. Lil Wayne,M8GX0cZ-xtw;Lil Wayne - Uproar ft. Swizz Beatz,GQ2juiyXk-s;Lil Wayne - Family Feud feat. Drake (Official Audio) | Dedication 6 D6 Reloaded,PjqKPHZJgF0;Lil Wayne - Carter Gang ft. Wizkid Ciara (Official Video),_w4_Cvb45Vc;Lil Wayne - Don‚Äôt Cry ft. XXXTENTACION,fkLLeOCOQ3w;Diplo - Oh Maria (feat. Soolking) (Official Lyric Video),9g9FBXq04VY;Lil Wayne- Mona Lisa Ft. Kendrick Lamar (Carter V),Mw1YeNQ1UWE;Lil Wayne - Baby ft. Akon Young Jezzy,T98EbF4xLvg;Birdman Juvenile - Ride Dat ft. Lil Wayne,49Ggx4ZafL8;Wizkid Ft. Lil Wayne - Light Up (Official Music Video),UodvOf7VIYo;Lil Wayne ft. Akon T.I. - She's My Hero,ik3ErZj16xM;Lil Wayne ft. Offset Quavo  Takeoff - Crazy (Official Video),VTPmCtzZxu4",,lilwayne,,
Ariana Grande,*PLFO0esT_hEQSS4vqO1nh5i6TRyIvsMXAN,R&B,6,"Ariana Grande - The Light is Coming ft. Nicki Minaj (Edited Video),fsEnhDNLJc0;Ariana Grande - the light is coming ft. Nicki Minaj,OQitfe8u7i4;Ariana Grande - Gimme On Up ft. Nicki Minaj (Official Video),lUgEoHf3Y0E;Nicki Minaj - Bed ft. Ariana Grande (Official Audio),iEky5pIDxJM;Ariana Grande - God is a woman,kHLHSlExFis;Vicetone - Fix You (Official Lyric Video),FUsM96Ycq78;Ariana Grande - God is a woman (Live on The MTV VMAs/2018,sKm4YqadSGw;Ariana Grande - God is a woman (Full Acoustic Performance) (Good Morning America),YaN4uZDTu4M;Ariana Grande - breathin,QTPW_cIYp9o;Ariana Grande - breathin (audio),1BYr1br2Ee4;Ariana Grande - thank u next (lyric video),EEhZAHZQyf4;Ariana Grande - no tears left to cry,ffxKSjUwKdU;MaskiriTrevor Dongo and Leonard Mapfumo - Daira (Official Video),GNXrmFPw3cQ;ARIANA GRANDE - BREAK FREE [ REGGAE REMIX ],cz6cvfJGf1s;Never Wanna Lose You (feat. Justine Skye & Jesper Jenset),M1UVcXW0gcQ;Ariana Grande - 7 rings,QYh6mYIJG2Y;2 Chainz - Rule The World ft. Ariana Grande,zh4J-yW3LHw;Ariana Grande - break up with your girlfriend i'm bored,LH4Y1ZUUx2g;Ariana Grande - Havana (ft. Camila Cabello),dt4Bk-GhsEE;Stevie Wonder - Faith ft. Ariana Grande,hNMMN46uFCc",,arianagrande,,
Soprano,*PL9ZHu0YAehjxkA0Z_KnWIBlqs3TWjWma6,R&B,4,"Soprano - √Ä la vie √† l'amour (Clip officiel),CEGZbjl9J98;Soprano - Zoum feat. Niska (Clip officiel),jQgrOe93kRQ;MC Pedrinho - Cinderela (GR6 Filmes) Jorgin,EeYAJb1o9rg;Hek Ubada || Sushitra Wangkhem & Romen Naoroi || Roshan Thoudam || Official Music Video Release 2018,TJd3vttObek;Tiken Jah Fakoly - Le monde est chaud ft. Soprano,RWWWHjMD3Ok;Bramsito - Millions de m√©los ft. Soprano,zydfq7BtkE8;Soprano - Le Coach feat. Vincenzo (Clip officiel),8NyParAaNos;Soprano - Fragile (Clip officiel),zgBEVbDzuu4;Bramsito - Millions De M√©los ft. Soprano,0Tq8UljdY-Y;Ghetto Ph√©nom√®ne feat. Soprano - La Vida (Clip Officiel),oyZhscnGYbQ;Soprano - √Ä nos h√©ros du quotidien (Clip officiel),fVuCviFkqNw;Soprano - Papa Sopra (Clip officiel),__12XONxA7I",,soprano,,
Ne-Yo  Mario,*PL391E1D92ED8E779D,R&B,,"2NE1 - GOODBYE,5C4vxAV54xs;Ne-Yo Bebe Rexha Stefflon Don - PUSH BACK (Official Music Video),e5WC-9TbjjQ;Ne-Yo - GOOD MAN,3xv9YIOKIZw;2NE1 - GOTTA BE YOU -2014 WORLD TOUR ÔΩûALL OR NOTHINGÔΩû in JAPAN Ver.-,9k_R0b3mvwA;2NE1 - I LOVE YOU -2014 WORLD TOUR ÔΩûALL OR NOTHINGÔΩû in JAPAN Ver.-,uFjBRINDYVQ;2NE1 - DON'T STOP THE MUSIC -2014 WORLD TOUR ÔΩûALL OR NOTHINGÔΩû in JAPAN Ver.-,bOdSQMloGIk;2NE1 - I DON'T CARE -2014 WORLD TOUR ÔΩûALL OR NOTHINGÔΩû in JAPAN Ver.-,gqbj7_lS1x0;2NE1 - CAN'T NOBODY (ENG VER),zaXVjlBPGeY;2NE1 - I AM THE BEST -2014 WORLD TOUR ÔΩûALL OR NOTHINGÔΩû in JAPAN Ver.-,KpGnv38naMo;2NE1 - CAN'T NOBODY - 2012 YG Family Concert in Japan ver.,-CLM2_yUTuA;2NE1 - SCREAM -2014 WORLD TOUR ÔΩûALL OR NOTHINGÔΩû in JAPAN Ver.-,rPMzAG3lx8g;2NE1 - MISSING YOU -2014 WORLD TOUR ÔΩûALL OR NOTHINGÔΩû in JAPAN Ver.-,ut75XUh-kt0;2NE1 - I DON'T CARE - 2012 YG Family Concert in Japan ver.,muIjhasHrCU;2NE1 - THE BADDEST FEMALE & MTBD (CL Solo) -2014 WORLD TOUR ÔΩûALL OR NOTHINGÔΩû in JAPAN Ver.-,HpoD78UK7fM;2NE1 - GOTTA BE YOU (ENCORE) -2014 WORLD TOUR ÔΩûALL OR NOTHINGÔΩû in JAPAN Ver.-,hX9-JGRmrFg;2NE1 - UGLY -2014 WORLD TOUR ÔΩûALL OR NOTHINGÔΩû in JAPAN Ver.-,VuOM6gkT6zw;2NE1 - COME BACK HOME -2014 WORLD TOUR ÔΩûALL OR NOTHINGÔΩû in JAPAN Ver.-,B_JeVFSW72Y;2NE1 - FIRE - 2012 YG Family Concert in Japan ver.,sBMyucIx0_w;2NE1 - UGLY with Gummy - 2012 YG Family Concert in Japan ver.,YQ7Gx1snXL0;2NE1 - IF I WERE YOU -2014 WORLD TOUR ÔΩûALL OR NOTHINGÔΩû in JAPAN Ver.-,E5Bh0xZH4CA;2NE1 - CAN'T NOBODY -2014 WORLD TOUR ÔΩûALL OR NOTHINGÔΩû in JAPAN Ver.-,ChftCC4IQYA;2NE1 - COME BACK HOME (UNPLUGGED VER.) -2014 WORLD TOUR ÔΩûALL OR NOTHINGÔΩû in JAPAN Ver.-,h18msiHOh6c;2NE1 - LONELY -2014 WORLD TOUR ÔΩûALL OR NOTHINGÔΩû in JAPAN Ver.-,nknwc5sbk1c;2NE1 - GO AWAY -2014 WORLD TOUR ÔΩûALL OR NOTHINGÔΩû in JAPAN Ver.-,yN9VqEtjm8E;2NE1 - I AM THE BEST - 2012 YG Family Concert in Japan ver.,BPaowlx5B4o;2NE1 - GO AWAY - 2012 YG Family Concert in Japan ver.,UkAjmD6lEPE;2NE1 - DO YOU LOVE ME -2014 WORLD TOUR ÔΩûALL OR NOTHINGÔΩû in JAPAN Ver.-,jTDtobb4Y58;2NE1 - PRETTY BOY -2014 WORLD TOUR ÔΩûALL OR NOTHINGÔΩû in JAPAN Ver.-,4B_3z1Iudzw;2NE1 - CLAP YOUR HANDS -2014 WORLD TOUR ÔΩûALL OR NOTHINGÔΩû in JAPAN Ver.-,jSkmmcTYHMc;2NE1 - HATE YOU,IINY0a-F3lg;2NE1 - HAPPY,B4iGFlRp-9w;2NE1 - FALLING IN LOVE,OjhtHCJf1XU;2NE1 - CRUSH,I7SlM_8cWNI;2NE1 - DON'T STOP THE MUSIC - 2012 NEW EVOLUTION in Japan ver.,QCZt1eAukxk;2NE1 - FOLLOW ME - 2012 NEW EVOLUTION in Japan ver.,Aq-dAFadzEo;2NE1 - I DON'T CARE (REGGAE MIX) - 2012 NEW EVOLUTION in Japan ver.,vwQlDIpk_DM;2NE1 - CLAP YOUR HANDS - 2012 NEW EVOLUTION in Japan ver.,7y6UOeWnO6I;2NE1 - DON'T CRY & YOU AND I by BOM (from 2NE1) - 2012 NEW EVOLUTION in Japan ver.,DRlssOBgtZg;2NE1 - PRETTY BOY - 2012 NEW EVOLUTION in Japan ver.,d2CkGtvuHXw;2NE1 - LONELY - 2012 NEW EVOLUTION in Japan ver.,RA4uxeLZGk0;2NE1 - IT HURTS - 2012 NEW EVOLUTION in Japan ver.,ycpzP33cnjs;2NE1 - IN THE CLUB - 2012 NEW EVOLUTION in Japan ver.,5H1WAWS-7BM;2NE1 - KISS by DARA (from 2NE1) - 2012 NEW EVOLUTION in Japan ver.,1NlqmWIoDeE;2NE1 - I AM THE BEST - 2012 NEW EVOLUTION in Japan ver.,xQ7ABppKr_k;2NE1 - STAY TOGETHER  NOLZA in Japan‚ÄùVer.,fc7x9-2pHrU;2NE1 - UGLY  NOLZA in Japan‚ÄùVer.,65Olr2ETikA;2NE1 - GO AWAY  NOLZA in Japan‚ÄùVer.,RiWUiSeHqYo;2NE1 - HATE YOU - 2012 NEW EVOLUTION in Japan ver.,PjSmb9SXWeo;2NE1 - I DON'T CARE - 2012 NEW EVOLUTION in Japan ver.,EIIS0n30EYU;2NE1 - LET'S GO PARTY - 2012 NEW EVOLUTION in Japan ver.,t81NTgKo4Fc;2NE1 - CAN'T NOBODY - 2012 NEW EVOLUTION in Japan ver.,i2TJiMgr9NI;2NE1 - GO AWAY - 2012 NEW EVOLUTION in Japan ver.,GEc_pRGmV8M;2NE1 - SCREAM - 2012 NEW EVOLUTION in Japan ver.,y53i-5bYXf4;2NE1 - I AM THE BEST (Encore ver.) - 2012 NEW EVOLUTION in Japan ver.,LpTy2SkoSbQ;2NE1 - I LOVE YOU - 2012 NEW EVOLUTION in Japan ver.,GLOymcAaBxM;2NE1 - STAY TOGETHER - 2012 NEW EVOLUTION in Japan ver.,pj1LAzsmHFU;2NE1 - UGLY - 2012 NEW EVOLUTION in Japan ver.,CxoEpG5ZuA4;Only Can Get Better (Official Video),_uBO64C7NlI;Ne-Yo - One In A Million (Official Music Video),6tpl9LtkRRw;Eric Bellinger - Dirty Dancing ft. Ne-Yo (Official Music Video),ht5BvV5FgCA;Nef The Pharaoh ""Tap Yo Pussy"" (WSHH Exclusive - Official Music Video),-jPN6AF-D00;David Guetta - Play Hard ft. Ne-Yo Akon (Official Video),5dbEhBKGOtY;Ne-Yo Bebe Rexha  Stefflon Don - PUSH BACK,e5WC-9TbjjQ;Ne-Yo - This Christmas,HRn5--Xdapsundefined",,ne,yomario,
Kelly Rowland,*PLAYfaozwzJ26pu5GgsaZEwQfJwnBM4mlC,R&B,,"Ciara - ""Girl Gang"" ft Kelly Rowland,NKYIFEYwMxI;Verse Simmonds ft. Kelly Rowland - Boo Thang (Official Video),ElWiBlP-FrU",,kellyrowland,,
Frank Ocean,*PLzF2lckq8ay-mMfQu_8F-qLCiaUUPXmBw,R&B,,undefined,,frankocean,,
Ciara,*PLaFT49lKqsFqjFQphHme9OF1nox4JT9TV,R&B,,"Ciara - Good Loving ft. Wizkid (Official Video),OCFZnmUDt2U;Ciara - Level Up,Dh-ULbQmmF8;Ciara Ft Tekno - Freek Me [Official Music Video],rkvkMWlrTNw;Wizkid ft. Ciara - Turn Up (Official Video),aS2gTD975wc;Ciara Ft Tekno - Freek Me [ Music Video],rkvkMWlrTNw;Ciara - ""Dose"" Pep Rally,Fleul1h7Fps;Ciara - Freak Me  ft Tekno [Official Video],gbBXgizyMf8;Ciara - Thinkin Bout You  [OFFICIAL VIDEO],kVczk4uIPPg;Ciara - ""Girl Gang"" ft Kelly Rowland,NKYIFEYwMxI;Ciara - Greatest Love [OFFICIAL VIDEO],5BjpWJyd_hk;Ciara - Melanin ft. Lupita Nyong'o Ester Dean, City Girls, La La,o6FrXELTAMQ;Ciara - Melanin ft. Lupita Nyong'o Ester Dean  City Girls  La La,o6FrXELTAMQ",,ciara,,
Jennifer Lopez,*PL8LJJ1Zu1yOGhYGwu78VwLVOqfCSzdl9a,R&B,,"Jennifer Lopez - El Anillo (Official Video),LryQJ25CnKU;Jennifer Lopez - Acting Like That (feat. Iggy Azalea) [Audio],F9aTYEfE1vA;Jennifer Lopez - Baila Conmigo,S_m7o5YMLoM",,jenniferlopez,,
Blacko - Dualit√© (Album Officiel),*PL-vZW0I2tk2ucu0W0mPdZ4FGZucjqOqmv,R&B,,"Blacko - Vision (2017),LwQew_cfiGs;Blacko - Testament,VoYmdv6o8dw;Blacko - Ce qui ne tue pas rend plus fort,TVUDvmdtAj4;UCee - All Night [Official Video 2018],S5SPVGEI5zM;Christopher Martin - Look On My Face (Official Video) prod. by Silly Walks Discotheque,F0SFX8ji4h8;Charly Black @¬†SummerJam 2018,3nb7nI2oLlA;Ghetto Days Riddim Mix (Full) Feat. Nature Ellis Zagga Singer J Diligence (July 2018),jNkxgvEpZI8;Blacko - L'encre de tes yeux (Cover) 2019,Mqoh5QUnOxw;Blacko - Accroch√© √† mes R√™ves (Clip Officiel),RDoqri1VL8cundefinedundefined",,blacko,dualit√©,albumofficiel
R. Kelly,*PLNF1TtPlNbF87k2HshqLCpvEFTSlrspTB,R&B,,"Fally Ipupa - Nidja feat. R. Kelly (Clip officiel),SfKH-6lPwAI",,rkelly,,
Keyshia Cole,*PLjqOCO8jzpc7bNH7JVdCoyWNLPxhz-tpH,R&B,,"Keyshia Cole - I Ain't Thru ft. Nicki Minaj (Official Video),jdLAvOMHpqo",,keyshiacole,,
Beyonce,*PLgXJI_F2zukKbzkBy1iTUsSdEWcWJHIIm,R&B,,"Beyonce - With You Ft. Wizkid [Official Video],HlKJdLWNi6I;Beyonce - Don't Jealous Me (LYRICS VIDEO) ft. Tekno Mr. Eazi, Yemi Alade üé∂,fm0j5g-U7F4;Beyonce ft  Shatta Wale & Major Lazer  - Already,J7y9wgG_54s;DONT JEALOUS ME - YEMI ALADE MR EAZY  TEKNO  LORD AFRIXANA (BEYONCE - THE GIFT),_NZIQOdT-RA",,beyonce,,
Justin Timberlake,*PLBAHmVTbbf934roMy0-hw5PD2RiOTOg9y,R&B,,"Justin Timberlake - SoulMate (Audio),NxJ7O0CGzO8;Basshunter - Angel In The Night (Official Video),DC9Ar8gYNa4;Justin Timberlake  Feat Chris Stapleton  - Say Something live spotify concerts 2018,tD7iCDNK0Ng",,justintimberlake,,
Kali Uchis,*PLWsvleiwEZJKd1mznHIB5OclmWgNeDL-x,R&B,,"Kali Uchis - Just A Stranger ft. Steve Lacy,IUcByj96dUA;Kali Uchis - Killer | A COLORS SHOW,MYESVkUxWxM;Kali Uchis - Nuestro Planeta ft. Reykon,TvYbR0mr0mk;Leticia Tridico e Gui Martinelli - Nada Nos Abalar√° (kondzilla.com),MtvAwiFcqNo;Ragga da Escondida 2019,1KmhFb59tL0;Ryme Minista - Allaa Dat [Official Music Video HD],uaTwv8rkp28;Kali Uchis - Tyrant ft. Jorja Smith,KDUOLz9ZL2g;Kali Uchis - After The Storm ft. Tyler The Creator Bootsy Collins,9f5zD7ZSNpQ;Kali Uchis - Dead To Me (Acoustic),mbwUs1rnuQg;Daniel Caesar - Get You ft. Kali Uchis [Official Video],uQFVqltOXRg;Kali Uchis - After The Storm ft. Tyler The Creator, Bootsy Collins,9f5zD7ZSNpQ;Kali Uchis - Dead To Me (Official Acoustic),mbwUs1rnuQg;Kali Uchis - Solita (Official Video),MTdj-6Bd5wk",,kaliuchis,,
Fantasia Barrino,*PLtG2BW3YFaXG_KmRXIsydoKt0UpZQqBTA,R&B,,undefined,,fantasiabarrino,,
Usher,*PLJkqBXPzFZPh7y4atXTfEEh41iKADkixa,R&B,,"Usher - Yeah! (Kees Sjansen Remix),HNoP0y7Le1I;JO - In lipsa ta (Official Video),oyodvRsWlAA;Jukebox & Bella Santiago - Sugar Gumalaw (Official Single),KdQOprnRkwQ;MIA D. - –î–∞ –ë–µ–±–µ [Official Video],aLAa4Lf0jx4;Yuna - Crush ft. Usher,9SGHPQ2FVm8",,usher,,
Alicia Keys,*PLn3RU2qrqR1sTih7Z8d9o3fhQCZjv9Rwc,R&B,,"Alicia Keys - Fallin',Urdlvw0SSEc;Ari Lennox J. Cole - Shea Butter Baby (Official Music Video),FFuZ2avoYmw;Alicia Keys - Fallin' (Official Music Video),Urdlvw0SSEc;Alicia Keys - Raise A Man (Official Video),ImJ-1cxsYrM;Alicia Keys - You Don't Know My Name (Official Music Video),_ST6ZRbhGiA;Alicia Keys - Show Me Love (Visual Sonic Experience) ft. Miguel,vNf1tfEtfXI;Alicia Keys - Time Machine (Official Video),NFCsuDcWqY0;Alicia Keys - Show Me Love (Official Remix Video) ft. 21 Savage Miguel,Qr1kiCDAdxQ;Alicia Keys - Show Me Love (Live) ft. Miguel,T5O8OXKJzeA",,aliciakeys,,
T-Pain,*PLWbJY5eyv5CC1ZLuiCDPDREFtXH3AbRJz,R&B,,"Capleton -  ""Pain"",UY-0BbCcjk0;Alpha Pi - Pain (Official Mix) December 2018,ucbQD9mEuU8;T-Pain - Time Nor Place,KDkl7Ef1dJo;Fullanny & House of Riddim in Amsterdam @¬†Reggaeville Easter Special 2018,izrgQBhyRgM;I-Octane - The Star Life (Raw) - Carni-Afro Jam Riddim [Dancehall],Kw-85wwsDRg;Brooklynkz Ft. Talex - Rollercoaster [Official Animated Video],Vy9JepKO5jA;K.Sling - Give Thanks [Happy Feeling Riddim] October 2018,cHtUBupAkzs;Rygin King - Tuff (Lyrics),CMwd4kDU1zs;T-Pain Feat. Gucci Mane ""Might Be"" (WSHH Exclusive - Official Audio),VcNRfdueeTY;RM Ft Yatez - Pain [Music Video] | Link Up TV,wpG6ZiE7Qxs;whynotcordell - Pain (Official Music Video),S9E82eH5UM0;Puff Daddy - Pain feat. G-Dep,71PMLVGDPw4;Blak Ryno - Pain [Dancehall],16yp4Tyv7kM;Alpha Pi - Pain - August 2018,leji7sj6L18;Puckey - Pain - October 2018,nDXwPNGpxk0;T-Pain ft. Tory Lanez - ""Getcha Roll On"" (Official Music Video),-uq09zG5b8Y;Eppic - Pain (feat. Caitlin Weber) (Official Music Video),Kmih7pEZZwg;Slow Burn Audio,2UvPnHQGmHs;Blak Ryno - Pain - January 2019 dancehall 2019,OAEsz7xUxXU;TRAHISON DE BENE,fBdC10mSflU;T-Pain - ""All I Want"" ft. Flipp Dinero (Official Music Video),BB_rt9TSNXw;T-Pain - ""A Million Times"" ft. O.T. Genasis (Official Audio),vh2Ph_6kFuI;T-Pain - Hallelujah,An7j7S4oBIM;T-Pain - Everything Must Go Vol. 1,tBeca7H338k;T-Pain - Airplane,bJVtKUIA1i4;T-Pain - Boo'd Up (Ella Mai T-Mix),HPUShp3gn_4;Ariaa - Farsi ft. T-Pain,X0QUjupVgxo;T-Pain - ""A Million Times"" ft. O.T. Genasis (Official Music Video),YE3O508mbgo;T-Pain  - Getcha Roll On ft. Tory Lanez (Official Music Video),-uq09zG5b8Y;Bertell - She Get It From Her Mama ft. T-Pain,utDPqLfZkyQ;Lyrikal Gang - Pain [Audio Visual],-_njc5r924g;Afro B ft. T-Pain - Condo (Audio),fdzqI7UkI7E;Iya Champs - Pain - October 2019,DLlN88o9VTA;Justo - Pain [Music Video] Link Up TV,1ucKByHRuZQ;Tory Lanez and T-Pain - Jerry Sprunger (Official Music Video),D9Q3ojqDsRg;Bizzy ft. Dibz x Trench Coat - Pain [Music Video] | Link Up TV,Nzop67Orvbs",,,pain,
Trey Songz,*PLooYZnvGcpTS-O-rS9rA10DOjnjO3nVAY,R&B,,"Trey Songz - Touchin Lovin ft. Nicki Minaj [Official Music Video],cEmrvCiEapM;Trey Songz - Chi Chi feat. Chris Brown [Official Music Video],N0a-I8vjBKA;Trey Songz - Dangerous (Meek Mill Jeremih  & PnB Rock Cover),FPlpUQ46sr0;Trey Songz - Jill (Sumn Real) (Jill Scott Response),vQg4rip4ujg;YFN Lucci - All Night Long feat. Trey Songz [Official Video],r2GaPekM1OQ;Trey Songz - Jill (Sumn Real) [Official Audio],iXC0QLNxcqw",,treysongz,,
Ne-Yo,*PLZqfys784zTBG-a1JtJUQLDVNQ95WkiOp,R&B,,"2NE1 - GOODBYE,5C4vxAV54xs;Ne-Yo Bebe Rexha Stefflon Don - PUSH BACK (Official Music Video),e5WC-9TbjjQ;Ne-Yo - GOOD MAN,3xv9YIOKIZw;2NE1 - GOTTA BE YOU -2014 WORLD TOUR ÔΩûALL OR NOTHINGÔΩû in JAPAN Ver.-,9k_R0b3mvwA;2NE1 - I LOVE YOU -2014 WORLD TOUR ÔΩûALL OR NOTHINGÔΩû in JAPAN Ver.-,uFjBRINDYVQ;2NE1 - DON'T STOP THE MUSIC -2014 WORLD TOUR ÔΩûALL OR NOTHINGÔΩû in JAPAN Ver.-,bOdSQMloGIk;2NE1 - I DON'T CARE -2014 WORLD TOUR ÔΩûALL OR NOTHINGÔΩû in JAPAN Ver.-,gqbj7_lS1x0;2NE1 - CAN'T NOBODY (ENG VER),zaXVjlBPGeY;2NE1 - I AM THE BEST -2014 WORLD TOUR ÔΩûALL OR NOTHINGÔΩû in JAPAN Ver.-,KpGnv38naMo;2NE1 - CAN'T NOBODY - 2012 YG Family Concert in Japan ver.,-CLM2_yUTuA;2NE1 - SCREAM -2014 WORLD TOUR ÔΩûALL OR NOTHINGÔΩû in JAPAN Ver.-,rPMzAG3lx8g;2NE1 - MISSING YOU -2014 WORLD TOUR ÔΩûALL OR NOTHINGÔΩû in JAPAN Ver.-,ut75XUh-kt0;2NE1 - I DON'T CARE - 2012 YG Family Concert in Japan ver.,muIjhasHrCU;2NE1 - THE BADDEST FEMALE & MTBD (CL Solo) -2014 WORLD TOUR ÔΩûALL OR NOTHINGÔΩû in JAPAN Ver.-,HpoD78UK7fM;2NE1 - GOTTA BE YOU (ENCORE) -2014 WORLD TOUR ÔΩûALL OR NOTHINGÔΩû in JAPAN Ver.-,hX9-JGRmrFg;2NE1 - UGLY -2014 WORLD TOUR ÔΩûALL OR NOTHINGÔΩû in JAPAN Ver.-,VuOM6gkT6zw;2NE1 - COME BACK HOME -2014 WORLD TOUR ÔΩûALL OR NOTHINGÔΩû in JAPAN Ver.-,B_JeVFSW72Y;2NE1 - FIRE - 2012 YG Family Concert in Japan ver.,sBMyucIx0_w;2NE1 - UGLY with Gummy - 2012 YG Family Concert in Japan ver.,YQ7Gx1snXL0;2NE1 - IF I WERE YOU -2014 WORLD TOUR ÔΩûALL OR NOTHINGÔΩû in JAPAN Ver.-,E5Bh0xZH4CA;2NE1 - CAN'T NOBODY -2014 WORLD TOUR ÔΩûALL OR NOTHINGÔΩû in JAPAN Ver.-,ChftCC4IQYA;2NE1 - COME BACK HOME (UNPLUGGED VER.) -2014 WORLD TOUR ÔΩûALL OR NOTHINGÔΩû in JAPAN Ver.-,h18msiHOh6c;2NE1 - LONELY -2014 WORLD TOUR ÔΩûALL OR NOTHINGÔΩû in JAPAN Ver.-,nknwc5sbk1c;2NE1 - GO AWAY -2014 WORLD TOUR ÔΩûALL OR NOTHINGÔΩû in JAPAN Ver.-,yN9VqEtjm8E;2NE1 - I AM THE BEST - 2012 YG Family Concert in Japan ver.,BPaowlx5B4o;2NE1 - GO AWAY - 2012 YG Family Concert in Japan ver.,UkAjmD6lEPE;2NE1 - DO YOU LOVE ME -2014 WORLD TOUR ÔΩûALL OR NOTHINGÔΩû in JAPAN Ver.-,jTDtobb4Y58;2NE1 - PRETTY BOY -2014 WORLD TOUR ÔΩûALL OR NOTHINGÔΩû in JAPAN Ver.-,4B_3z1Iudzw;2NE1 - CLAP YOUR HANDS -2014 WORLD TOUR ÔΩûALL OR NOTHINGÔΩû in JAPAN Ver.-,jSkmmcTYHMc;2NE1 - HATE YOU,IINY0a-F3lg;2NE1 - HAPPY,B4iGFlRp-9w;2NE1 - FALLING IN LOVE,OjhtHCJf1XU;2NE1 - CRUSH,I7SlM_8cWNI;2NE1 - DON'T STOP THE MUSIC - 2012 NEW EVOLUTION in Japan ver.,QCZt1eAukxk;2NE1 - FOLLOW ME - 2012 NEW EVOLUTION in Japan ver.,Aq-dAFadzEo;2NE1 - I DON'T CARE (REGGAE MIX) - 2012 NEW EVOLUTION in Japan ver.,vwQlDIpk_DM;2NE1 - CLAP YOUR HANDS - 2012 NEW EVOLUTION in Japan ver.,7y6UOeWnO6I;2NE1 - DON'T CRY & YOU AND I by BOM (from 2NE1) - 2012 NEW EVOLUTION in Japan ver.,DRlssOBgtZg;2NE1 - PRETTY BOY - 2012 NEW EVOLUTION in Japan ver.,d2CkGtvuHXw;2NE1 - LONELY - 2012 NEW EVOLUTION in Japan ver.,RA4uxeLZGk0;2NE1 - IT HURTS - 2012 NEW EVOLUTION in Japan ver.,ycpzP33cnjs;2NE1 - IN THE CLUB - 2012 NEW EVOLUTION in Japan ver.,5H1WAWS-7BM;2NE1 - KISS by DARA (from 2NE1) - 2012 NEW EVOLUTION in Japan ver.,1NlqmWIoDeE;2NE1 - I AM THE BEST - 2012 NEW EVOLUTION in Japan ver.,xQ7ABppKr_k;2NE1 - STAY TOGETHER  NOLZA in Japan‚ÄùVer.,fc7x9-2pHrU;2NE1 - UGLY  NOLZA in Japan‚ÄùVer.,65Olr2ETikA;2NE1 - GO AWAY  NOLZA in Japan‚ÄùVer.,RiWUiSeHqYo;2NE1 - HATE YOU - 2012 NEW EVOLUTION in Japan ver.,PjSmb9SXWeo;2NE1 - I DON'T CARE - 2012 NEW EVOLUTION in Japan ver.,EIIS0n30EYU;2NE1 - LET'S GO PARTY - 2012 NEW EVOLUTION in Japan ver.,t81NTgKo4Fc;2NE1 - CAN'T NOBODY - 2012 NEW EVOLUTION in Japan ver.,i2TJiMgr9NI;2NE1 - GO AWAY - 2012 NEW EVOLUTION in Japan ver.,GEc_pRGmV8M;2NE1 - SCREAM - 2012 NEW EVOLUTION in Japan ver.,y53i-5bYXf4;2NE1 - I AM THE BEST (Encore ver.) - 2012 NEW EVOLUTION in Japan ver.,LpTy2SkoSbQ;2NE1 - I LOVE YOU - 2012 NEW EVOLUTION in Japan ver.,GLOymcAaBxM;2NE1 - STAY TOGETHER - 2012 NEW EVOLUTION in Japan ver.,pj1LAzsmHFU;2NE1 - UGLY - 2012 NEW EVOLUTION in Japan ver.,CxoEpG5ZuA4;Only Can Get Better (Official Video),_uBO64C7NlI;Ne-Yo - One In A Million (Official Music Video),6tpl9LtkRRw;Eric Bellinger - Dirty Dancing ft. Ne-Yo (Official Music Video),ht5BvV5FgCA;Nef The Pharaoh ""Tap Yo Pussy"" (WSHH Exclusive - Official Music Video),-jPN6AF-D00;David Guetta - Play Hard ft. Ne-Yo Akon (Official Video),5dbEhBKGOtY;Ne-Yo Bebe Rexha  Stefflon Don - PUSH BACK,e5WC-9TbjjQ;Ne-Yo - This Christmas,HRn5--XdapsNe-Yo - GOOD MAN,3xv9YIOKIZw;Ne-Yo - One In A Million (Official Music Video),6tpl9LtkRRw;Chris Brown - Yo (Excuse Me Miss) (Official Music Video),yn_6LC4loY8;Eric Bellinger - Dirty Dancing ft. Ne-Yo (Official Music Video),ht5BvV5FgCA;Ne-Yo - This Christmas,HRn5--Xdaps;Pitbull Ne-Yo - Me Quedar√© Contigo ft. Lenier  El Micha,8pZ1btJ2IYU",,ne,yo,
Bryson Tiller,*PLNHzQT4ppCxkcnZDAoYFboEXyCrOgDK6T,R&B,,"Stephen Oaks Draggon & Frost Vegas feat  Bryson Tiller - D√©j√† Vu (Official Video HD),5JqMAv3bvFI;Bryson Tiller - Don't (Explicit Version),d7cVLE4SaN0;Nico de Andrea - The Shape (Official Music Video),546_U5ZbZ2U;Bryson Tiller - Normal Girl,WhQllaASM44;Bryson Tiller - Normal Girl (SZA Cover),XJRW4OXL1FA;Bryson Tiller - Exchange,aj9coPGuFkM;Kehlani - RPG (feat. 6LACK) [Official Audio],FWipsV6oMUE;ELHAE - Still Mine (Feat. Wale) [Official Audio],Ur9hkRB0tLs;Glance feat. Elena Ionescu - Ploaia si focul (Official Video),STSyXEmkY8A;Bryson Tiller - Finesse (Drake Cover),WMppy2PNia4;Bryson Tiller - ‚ÄúNew You‚Äù (Official Audio),E44kNnYn73Q;Bryson Tiller - Exchange (Official Video),aj9coPGuFkM;Bryson Tiller - Blame (Audio),wzGQ7r6e_0U;Bryson Tiller - ‚ÄúNew You‚Äù (Audio),E44kNnYn73Q;Bryson Tiller - Patient ft. Che Ecru,aPW8alvsEGc",,brysontiller,,
Chris Brown,*PL-o37YO_uwcLeIm4xJZtTL7b7OXVpVh8x,R&B,,"Chris Brown: Dances with Paint,OxUwQMDzOVo;Chris Brown - When I Love You,xV-cFqXQry4;Yo Gotti - Save It for Me ft. Chris Brown,JFwAfp-42hc;Chris Brown - Hope You Do (Official Video),BmLSua7LPR8;Chris Brown - Straight Up ft. Tyga (Music Video),GRm81IZm1AQ;Chris Brown Feat  Bizzy Bone - Let It Burn,0JGdT-fyL1I;Chris Brown - Designer ft. Nicki Minaj Tyga (Official Music Video),Rf2ii1zX1dE;Chris Brown - Diamonds & Gold (Music Video) ft. Kid Ink French Montana,ksjhdABtEag;Chris Brown - Loyal (Explicit) ft. Lil Wayne Tyga,JXRN_LkCa_o;Chris Brown - We On (Music Video),2qoUFBeXPVc;Chris Brown - One Hunnid (Music Video) ft. Quavo Takeoff [Migos],WLxZird4pCw;Chris Brown - Commitment (Music Video),I8eebTmr1P8;6IX9INE ft Chris Brown - ZETA ZERO (OFFICIAL MUSIC VIDEO) prod.THRAXX,MTC1JpoqbQE;Tee Grizzley - Fuck it Off ft. Chris Brown [Official Audio],2jM494-J1xI;Chris Brown - Freaky Love ft. Rita Ora [Official Music Video],FBhFxIaAKmg;Chris Brown - Take Care ft Kylie jenner (Music Video 2018),YC45-KqZUVg;Lil Dicky  - Freaky Friday feat. Chris Brown (Official Music Video),aZla1ttZHaw;Chris Brown - Questions (Official Video),mH76VvWkNwA;Chris Brown - To My Bed (Official Video),VfVmCnCP7Mg;DJ Khaled ft. Chris Brown - Rock With You (New Song 2018),75LwSlgs44s;Dime - Chris Brown Ft. Bad Bunny (Video Oficial),OHUGQlpPrx8;Zonderling - Nightcall (feat. Kye Sones) [Official Music Video],ln7e-C3MHm4;Kanita - They Said (Official Video),k8OA6gnXzvQ;Chris Brown - Dope Love ft. Rita Ora [Official Music Video],FBhFxIaAKmg;Chris Brown - Hitta Itis (Music Video),jHGhXl85tJ0;Chris Brown - All I Want (ft.  Rick Ross & Meek Mill),ZuTIJwhxQys;Chris Brown - Alone,CpI_8UsVKs8;Chris Brown - F**k Me Up (Vertical Video),qPV67k8JbZI;Ella Mai - Whatchamacallit ft. Chris Brown (Audio),sAl8k93Lurs;Chris Brown - Pills & Automobiles (Official Music Video),GTexe8c0eqw;[Îã§.ÎÇ†.Îã§.‚îÇDANALDA]  Fly Again DANA - Preview.06,HNLX7kocrwc;Chris Brown - Questions (Official Music Video),mH76VvWkNwA;Chris Brown - Nigga Itis (Music Video),jHGhXl85tJ0;Chris Brown - Hope You Do (Official Music Video),BmLSua7LPR8;Chris Brown - Loyal (Official Music Video) (Explicit) ft. Lil Wayne Tyga,JXRN_LkCa_o;Marshmello & Anne-Marie - Friends (R3HAB Remix),e0Hubvu3XpU;Lucas & Steve x Janieck - You Don't Have To Like It (Official Music Video),W4Nov20jMJo;Chris Brown - Undecided (Official Video),y6fThXQPT6I;Chris Brown - Don't Wake Me Up (Official Music Video),QOowQeKyNkQ;Chris Brown - Should've Kissed You (Official Video),8iR6JgODHts;Chris Brown - To My Bed (Official Music Video),VfVmCnCP7Mg;Chris Brown - Yo (Excuse Me Miss) (Official Music Video),yn_6LC4loY8;Chris Brown - Wobble Up (Official Video) ft. Nicki Minaj G-Eazy,odgvsMFSIo8;Chris Brown - No Guidance (Audio) ft. Drake,oOni4BMeMp0;Chris Brown - Indigo (Audio),Hi9tARh9IeM;Chris Brown - Temporary Lover (Audio) ft. Lil Jon,zDoSNLZV4tA;Chris Brown - Heat (Audio) ft. Gunna,lhvwnTwMsv8;Chris Brown - Come Together (Audio) ft. H.E.R.,Xv5QTAFiOBM;Trey Songz - Chi Chi feat. Chris Brown [Official Music Video],N0a-I8vjBKA;Chris Brown - Don't Judge Me (M&NPro Remix),SRhqfIs5I7g;Chris Brown - No Guidance (Official Video) ft. Drake,6L_k74BOLag;Chris Brown - Overtime (Audio),9bnDkvCs46g;Davido - Say ft. Chris Brown (Official Video),nvSR7o3fr08;Davido - You Want ft. Chris Brown (Official Video),wDaOxC-gq0A",,chrisbrown,,
tory Lanez,*PLVHG2b-ekxP0O1D6R9QBmcZT1LbQocZ6j,R&B,,"POZEY SINGER - Trahison | HD Music Video (2018),294nMpGkkOA;Nicki Minaj - Bardi Done ft. Tory Lanez (Official Video),DKAmXhkCjSc;Tory Lanez - Diego (Official Video),-rO7_UAxBqk;Tory Lanez - ""KJM"" (Official Music Video),YVCL_2V1k5Q;Tory Lanez - Real Thing ft. Future,Udd6cR9va4s;Tory Lanez - LUV,P9rFeGAdX0A;Tory Lanez - Skrt Skrt,d3BiwxAmMaY;T-Pain ft. Tory Lanez - ""Getcha Roll On"" (Official Music Video),-uq09zG5b8Y;Young Picc ft Tory Lanez - Foreign Lifestyle,1lpPrspygMA;6IX9INE ""KIKA"" Feat. Tory Lanez (OFFICIAL MUSIC VIDEO),KebzRwT6gPs;Tory Lanez - ThE Run oFF (Official Music Video),qAddQzJX-uw;Tory Lanez - Freaky,pkljCEb4Ho4;Tory Lanez - TOAST (Ft Koffee),kMLJLq2Gcoo;Tory Lanez - SOCO ft. Melii,PdXN9YYIg0g;Tory Lanez - DJADJA ft. Aya Nakamura,DvTe-mwQ9-8;Noah Powa & ZJ Liquid - Same Way [Bones Riddim] April 2019,a4chYccSaLk;Tory Lanez - Slow Grind (feat. Jacquees),yM7qo72663E;Tory Lanez - Connection (feat. Fabolous Davo & Paloma Ford),w6aabQY7WaE;Tory Lanez - DrIP DrIp Drip ft. Meek Mill,FR3GPARqdIg;Tory Lanez - Time Away (Remade By. Adrian Swish),DoQ-CNGD1Qk;Cashmere Cat & Selena Gomez - Trust Nobody ft. Tory Lanez,M8dtphILC08;Tory Lanez - Broke Leg Feat. Quavo & Tyga [Official Video],8RjNR-K1i8M;Nafe Smallz ft. Tory Lanez - Good Love (Official Music Video),lm-RWVLPCt8;Melii - Slow For Me feat. Tory Lanez (Official Music Video),pSygxjkVoHY;Tory Lanez - MELEE (Official Video),jPd1HLKqem8;Tory Lanez - Forever (Official Music Video),k8wUSSUfegs;Nicki Minaj - Lats ft. Tory Lanez (Official Video),awPaVL6uijI;Tory Lanez - Watch For Your Soul (Official Music Video),v3J99QdDt_4;Tory Lanez - Chixtape 1,-8ZOhX6Dn0Q;Tory Lanez - Chixtape 2,Zv0hC4Yq3dg;Tory Lanez - Chixtape 3,wRAqqFezTqo;Tory Lanez - Chixtape 4,XHAg4xrYRHo;Tory Lanez - Beauty In The Benz Ft. Snoop Dogg (Official Music Video),7rouTbviTk4",,torylanez,,
The Weeknd,*PLVt9N9S0CzvgLOB74YgreOLMp3pG4dfzP,R&B,,"The Weeknd - I Feel It Coming ft. Daft Punk,qFLhGq0060w;NAV - Price On My Head ft. The Weeknd,o_v2r8rdGM8;The Weeknd - Call Out My Name (Official Video),M4ZoCHID9GI;Juicy J - One of Those Nights ft. The Weeknd (Explicit) [Official Video],VP7GNxLI9fM;The Weeknd - Heartless (Lyric Video),KbWjNgPJRA0;The Weeknd - Blinding Lights (Official Lyric Video),o6ytLPKscrU",,theweeknd,,
Jhen√© Aiko,*PL796Ot1hjf5se0S0spCtvLo74RgUhu2cf,R&B,,"Sean Paul - Naked Truth ft. Jhen√© Aiko,YDg1JVa-zTA;Jhen√© Aiko - While We're Young,LjvwRSKVQNs;Jonas Aden - Strangers Do (Official Music Video),tEK_XGADoWg;Jhen√© Aiko - Wasted Love Freestyle (Official Audio),TZ0PMlzypvY;Jhen√© Aiko - Sativa ft. Rae Sremmurd (Official Music Video),5x-d3pabd5o;Yuna ft. Jhen√© Aiko - Used To Love You,OcNHsuWxX0Q;Jhen√© Aiko - Never Call Me (Remix) [feat. YG],ezby0m5XcKs;Jhen√© Aiko feat. Kurupt -Never Call Me (Slauson Hills Edition),jnQ4V-wajLY;Jhen√© Aiko - Triggered (freestyle),t3aHdZfJckg;Jhen√© Aiko - Wasted Love Freestyle (Audio),TZ0PMlzypvY;Jhen√© Aiko - Triggered (freestyle) Remix Feat. 21 Savage & Summer Walker (Official Audio),NQTiXxFOgGA;Jhen√© Aiko - Triggered (Dance Mix / Audio) ft. Saweetie,IOzafkLTQM0;Jhen√© Aiko - None Of Your Concern (Official Video),PmeRjrz8KVw",,jhen√©aiko,,
Jorja Smith,*PLAeMF3wMmC60bNxKEp0IhM1Fzzx6b0cfM,R&B,,undefined,,jorjaSmith,,
Zendaya,*PL9fF8OXKqmfWjZDo8geaJhxW3cQ6l8ws4,R&B,0,"Zendaya - Replay (Acoustic),gdePpsk-gH0",,zendaya,,
Tony Sway,*PLr0SmpEMbkrMA8v5rZRjgvGj11NDbSrO7,R&B,4,undefined,,tonysway,,
DRAM,*PLpXROUIDg5C_fkIAsRW-oWulTd3TfqLxa,R&B,0,"DRAM - Cute (Remix) [feat. Cardi B] (Audio),wNxGeFSFS9E;Amber Mark - Put You On ft. DRAM,OH4e81IcQgA;Arin Ray - Communication ft. DRAM,FCDc34wAdJw",,dram,,
Jeremih,*PLFvvP3EBmpymTsXlQcwjd-qogWclXlMcW,R&B,2,"Jay Rock - Tap Out ft. Jeremih,RodFDmN254s;Ty Dolla $ign - Dawsin's Breek ft. Jeremih (Prod. by Mike WiLL Made-It) [Official Audio],2fl5Qlblduc;Jeremih - London ft. Stefflon Don Krept & Konan,RG7TJNLN7Jk;Blueface - Close Up ft. Jeremih,-8hg_ftztI0",,jeremih,,
Beyonce,*PL9tY0BWXOZFvsnv0poHaLvj9y1w40Y157,R&B,1,"Beyonce - With You Ft. Wizkid [Official Video],HlKJdLWNi6I;Beyonce - Don't Jealous Me (LYRICS VIDEO) ft. Tekno Mr. Eazi, Yemi Alade üé∂,fm0j5g-U7F4;Beyonce ft  Shatta Wale & Major Lazer  - Already,J7y9wgG_54s;DONT JEALOUS ME - YEMI ALADE MR EAZY  TEKNO  LORD AFRIXANA (BEYONCE - THE GIFT),_NZIQOdT-RA",,beyonce,,
Wizkid,*PLMPS2MhpLxD9_nPS1w62SsumyxG4YHPZp,R&B,1,"Wizkid - Stew Vibes ft. O.L (Official Video),wgkPpH1QV8w;WizKid - Master Groove (Audio),My7eVeca9DA;Wizkid - Forever ft. Ycee (Official Video),16GSM73Y25o;WizKid - Fever (Official Video),haA7DpK9Z4k;Wizkid - No Stress ft. Drake (Official Video),Pz7EFCKimJs;WizKid - Fever (Audio),Y65E6xXyEF4;Wizkid - Need Me ft. Kiss Daniel (Official Video),LFLGeZ5nXrQ;Wizkid - Bamilo [Official Video] feat. MayD,_xKZKtwt-uY;Wizkid - Soco Baby ft. Eugy (Official Video),9xmzWbrw3RM;Wizkid - Bad Energy Remix ft. Simi (Official Video),gKxS9ca5Dgk;Future - With You ft. Wizkid (Official Video),7826Kq1Ul3Y;Wizkid - Pass Me ft. Maleek Berry D'Banj (Official Video),EN0CpsZgW7Y;Wizkid - Soco Ft. Afizze [Official Video],UD5Ef1Orf3o;Wizkid - My Love Ft. May D (Official Video),_z_Uyk6ArZM;Wizkid - Soco Ft. Eugy [Official Video],9A7yCykE4Mc;Wizkid - Fake Love Ft. Runtown Emtee [Official Video],qayghboE10o;WizKid - Come Closer ft. Drake,vqW18C4plZ8;D'Prince ft. Wizkid - So Nice ( Official Dance Video ),oI7b71Fcrbg;Kelvin Sean - Love Zone Ft. Wizkid [Official Video],Pf9015YKmTc;Wizkid - Gang Up Ft. Emtee [Official Video],SLpnbWDx2SA;MUT4Y FT WIZKID - MANYA (OFFICIAL VIDEO) 2017,-qMZMyH7pWU;DJ Henry X feat. Wizkid - Like This (Official Music Video),2mCEN2XS17U;R2Bees ft. Wizkid - Tonight (OFFICIAL VIDEO),GcQSo0mrjBo;Wizkid - Get It Ft. Kiss Daniel [Official Video],GNGQ6H8h2JI;Wizkid - For Me Ft. Burna Boy [Official Video],xZQQmJLYZGY;Wizkid - Kana Love Ft. Dotman [Official Video],Pv8SWpHhNHo;Wizkid - Dance feat. Patoranking [Official Video],gWzm0oRi7Wo;Jay C ""Rwendo"" Album Mixtape By Dj Young Freeze [December 2018] Zimdancehall,RnTqHNVjxmw;Wizkid - Psycho ft. Kcee (Official Video),9XRWEEJ-TTk;Rihanna - Mercy ft. WizKid (Official Music Video),PDq_IHl6y7g;Wizkid - Pop Up ft. Ycee [Official Video],m6zD1FmzFqk;Tekno - Baby ft. Wizkid (Official Video),LmbMfKtz7ag;Wizkid - Jofumi (Official Video),Wej-VRCBc6E;Wizkid - Go Around (Official Video) Feat. Zara Larsson,D_8o3lhyP6g;Wizkid - Kilode Ft. Tekno & Reekado Banks (Official Video),WRBrx4ibwIA;Jeezas - We Got Doe - December 2018,Ko0l93NdegM;Aidonia - Big Baller (Benzema),oKVCA_iJcoI;Captain Barkey - Dun A Rapist - August 2018,PxLSnH-Ph9k;MHD Ft WizKid - Bella (Official Behind The Scenes) | Link Up TV,AZegBChsFpM;Wizkid - Fine Baby feat. Cassper Nyovest [Official Video],c-1VchH0yGY;Wizkid - Feeling You feat. Stefflon Don Justine Skye (Official Video),5KFpMIeW9YA;Wizkid - Pop Up ft. Ycee (Official Video),m6zD1FmzFqk;Wizkid - ZeZe feat. SZA & Ty Dolla $ign (Official Music Video),hk4lFIXa9cI;WizKid - Come Closer ft. Drake (Official Video),vqW18C4plZ8;Trupa Banton Ft WizKid - Stay Far Remix - October 2018,9cBHIX9mqL0;Wizkid - Hold On feat. Cardi B Nicki Minaj (Official Video),x6EYSjvlyqg;Ciara - Good Loving ft. Wizkid (Official Video),OCFZnmUDt2U;WizKid - Good Times feat. Dua Lipa (Official Video),t_7Dq2GXo98;WizKid - Hustle ft. Drake (Official Video),nmy_jfydyxY;Wizkid - Sade (Official Video),DxIaNoUqf_c;Wizkid - Medicine ft. Flavour (Official Video),8YiQOqLPsI4;Wizkid - Wasted ft. Ceeza Milli (Official Video),w-h8hHY6NpQ;Velisar - Fears (Official Video),chh3Oay5mxU;Kizz Daniel - For You ft. WizKid (Official Video),4f73HnCKq8Q;Kizz Daniel - For You ft. Wizkid (Official Audio),x_JsNa2oRnI;Larry Gaaga - Low ft. Wizkid,N5iLw28GzHg;Justine Skye - U Don't Know ft. Wizkid,w2DeJ0q1Wv4;Wizkid - Final (Baba Nla) [Official Video],srwAd1iR5qI;Wizkid - Rise Up ft. Davido Tekno  Kizz Daniel  Yemi Alade  Flavour & Phyno (Official Video),XSAEPTNa-zM;Wizkid - My Way ft. Davido (Official Video),Eoty0hX1hY0;Wizkid - Kpono ft. Wande Coal (Official Video),IH413SLlFBY;Wizkid  - Joro ft. Koffee (Official Music Video),QSHTlmILQfo;Chidokeyz - Fibadi ft. Wizkid (Official Audio),8d3j1GBtyJU;Chidokeyz - Fibadi ft. Wizkid (Official Video),Akk11I8bxpE;Wizkid - Skin ft. Terri (Official Video),_O8degOskqY;Wizkid - My Way ft. Davido (Official Audio),IDjBZlNqds0;Wizkid - Rise Up ft. Davido Tekno, Kizz Daniel, Yemi Alade, Flavour & Phyno (Official Video),XSAEPTNa-zM;Kojo Funds - I Like ft. WizKid [Official Video],meuzeaGCyFY;Ceeza Milli - Felare ft. Wizkid (Official Video),AkxsISfuTlY;WizKid - Ghetto Love (Official Video),WoxN3b0jmlY;Wizkid Ft. Lil Wayne - Light Up (Official Music Video),UodvOf7VIYo;Wizkid - Burning Down ft. Melissa Steel (Official Video),E_OtHwh2_dA;WizKid - Joro (Official Video),FCUk7rIBBAE;Wizkid - Sarz ft. Ceeza Milli (Official Video),mWpxLSlDu_4;Wizkid Ft. Lil Wayne & Louane - Hold On (Official Music Video),wra2F5LcAHA;Wizkid - Pholo ft. Rema (Official Video),vqY2SgTyGqU",,wizkid,,
Twista,*PL2JnfTDSU8B8MZVq84qKw-h8Y-gBEQm_q,specialhiphop,3,undefined,,twista,,
The Black Eyed Peas,*PLdDz77lHZ3LGYa4GQcfYIGP1qNSP_3cUG,specialhiphop,,undefinedundefinedundefined,,Black,Eyed,Peas
busta rhymes,*PLe8yMKfOayhoKuKX6sVv9VPbi5IKfDpxq,specialhiphop,,"Busta Rhymes - Girlfriend (Extended Version) ft. Vybz Kartel Tory Lanez,kE6Wijpvlgo;Busta Rhymes - #TWERKIT ft. Nicki Minaj,20cFWzlhhTU;Busta Rhymes - Girlfriend (feat. Vybz Kartel & Tory Lanez),YpAl4RqiaOQ;Method Man ft. Busta Rhymes - What's Happenin' *Uncensored* [Official video],DaRG0ukxYqQ;Little Harry - Kingston City  [Official Video 2018],tg7FVmjVj8w;Busta Rhymes ft. Nicki Minaj - #TWERKIT (Official Video),20cFWzlhhTU;Busta Rhymes ft. Ol' Dirty Bastard - Woo-Hah!! Got You All In Check (The World Wide Remix),hFrl7rnCx4A;Snoop Dogg Rick Ross  Lil Wayne  Ice Cube - Untouchable ft. Busta Rhymes,Q0Pt7i29tmE",,bustarhymes,,
the roots,*PLUgFdWYKBYfmiwshRc_SEXlqDShrt70DB,specialhiphop,,undefined,,theroots,,
Timbaland,*PLVfPEn0bRuCQ8h8pXWgen6tVs3riVLPdU,specialhiphop,,undefined,,timbaland,,
Mary J. Blige,*PLyFhv4ZxsvCTynlhovk6AeN4X1OlXkeFk,specialhiphop,,"Mary J. Blige - Thriving (Lyric Video) ft. Nas,98YJEr9NaXc;Mary J. Blige - It's A Wrap (Credit Edit) (Official Video),qKE2HrROITE",,maryjblige,,
Iggy Azalea,*PLSBZNZWQnOujX_0pLjHqaGuvkX3Fb0I8C,specialhiphop,,"Iggy Azalea - Savior ft. Quavo (Official Music Video),T3hXC5yNZOc;Iggy Azalea - Savior ft. Quavo (Lyric Video),LxoGNkLpgZk;Iggy Azalea - Tokyo Snow Trip (Official Audio),4HVv4jtygJg;Iggy Azalea - Hey Iggy (Survive the Summer),MD8Pch6l1aQ;Iggy Azalea (feat. Tyga) - Kream | Traducida al espa√±ol & Lyrics,mZHqaxWT2s4;Iggy Azalea - Kream ft. Tyga (Official Music Video),t7lM7Bn16Zg;Steve Aoki & Angger Dimas Feat. Iggy Azalea - Beat Down (Official Video) (Ultra Music),A6IAFUzmgSU;Iggy Azalea ft. Zedd - Boom Boom (from Just Dance 2018),YFhVgTZmT4I;Iggy Azalea - Team (Official Music Video),KVGRN7Z7T1A;Iggy Azalea - Switch (Live From iHeartRADIO MMVAs 2017),4rp_IEZamxs;Tony Junior - Don't Be Long (Official Music Video),bEnEweqVnEw;–î–∏–º–∞ –ë–∏–ª–∞–Ω - –î–µ—Ä–∂–∏ (–ø—Ä–µ–º—å–µ—Ä–∞ –∫–ª–∏–ø–∞ 2017),j_LrXZbOAWQ;Iggy Azalea - Sally Walker (Official Music Video),2Gy8eGr7AfM;Iggy Azalea - Started (Official Music Video),flPCk8Z5XS0;Iggy Azalea - F*ck It Up (Official Music Video) ft. Kash Doll,3kkZWKSvG2s;Nicki Minaj ft. Iggy Azalea - Don't Give Up,bJIQNhh_8Vc",,iggyazalea,,
Far East Movement,*PLnoytI0S5S7BIAWWejg1mWnbSgThDwMdH,specialhiphop,,"Far East Movement - The Illest ft. Riff Raff,ZxpMk3pvz44;Far East Movement ft. Riff Raff - The Illest (Official Video),ZxpMk3pvz44",,fareastmovement,,
WizKid,*PLMPS2MhpLxD9_nPS1w62SsumyxG4YHPZp,specialhiphop,,"Wizkid - Stew Vibes ft. O.L (Official Video),wgkPpH1QV8w;WizKid - Master Groove (Audio),My7eVeca9DA;Wizkid - Forever ft. Ycee (Official Video),16GSM73Y25o;WizKid - Fever (Official Video),haA7DpK9Z4k;Wizkid - No Stress ft. Drake (Official Video),Pz7EFCKimJs;WizKid - Fever (Audio),Y65E6xXyEF4;Wizkid - Need Me ft. Kiss Daniel (Official Video),LFLGeZ5nXrQ;Wizkid - Bamilo [Official Video] feat. MayD,_xKZKtwt-uY;Wizkid - Soco Baby ft. Eugy (Official Video),9xmzWbrw3RM;Wizkid - Bad Energy Remix ft. Simi (Official Video),gKxS9ca5Dgk;Future - With You ft. Wizkid (Official Video),7826Kq1Ul3Y;Wizkid - Pass Me ft. Maleek Berry D'Banj (Official Video),EN0CpsZgW7Y;Wizkid - Soco Ft. Afizze [Official Video],UD5Ef1Orf3o;Wizkid - My Love Ft. May D (Official Video),_z_Uyk6ArZM;Wizkid - Soco Ft. Eugy [Official Video],9A7yCykE4Mc;Wizkid - Fake Love Ft. Runtown Emtee [Official Video],qayghboE10o;WizKid - Come Closer ft. Drake,vqW18C4plZ8;D'Prince ft. Wizkid - So Nice ( Official Dance Video ),oI7b71Fcrbg;Kelvin Sean - Love Zone Ft. Wizkid [Official Video],Pf9015YKmTc;Wizkid - Gang Up Ft. Emtee [Official Video],SLpnbWDx2SA;MUT4Y FT WIZKID - MANYA (OFFICIAL VIDEO) 2017,-qMZMyH7pWU;DJ Henry X feat. Wizkid - Like This (Official Music Video),2mCEN2XS17U;R2Bees ft. Wizkid - Tonight (OFFICIAL VIDEO),GcQSo0mrjBo;Wizkid - Get It Ft. Kiss Daniel [Official Video],GNGQ6H8h2JI;Wizkid - For Me Ft. Burna Boy [Official Video],xZQQmJLYZGY;Wizkid - Kana Love Ft. Dotman [Official Video],Pv8SWpHhNHo;Wizkid - Dance feat. Patoranking [Official Video],gWzm0oRi7Wo;Jay C ""Rwendo"" Album Mixtape By Dj Young Freeze [December 2018] Zimdancehall,RnTqHNVjxmw;Wizkid - Psycho ft. Kcee (Official Video),9XRWEEJ-TTk;Rihanna - Mercy ft. WizKid (Official Music Video),PDq_IHl6y7g;Wizkid - Pop Up ft. Ycee [Official Video],m6zD1FmzFqk;Tekno - Baby ft. Wizkid (Official Video),LmbMfKtz7ag;Wizkid - Jofumi (Official Video),Wej-VRCBc6E;Wizkid - Go Around (Official Video) Feat. Zara Larsson,D_8o3lhyP6g;Wizkid - Kilode Ft. Tekno & Reekado Banks (Official Video),WRBrx4ibwIA;Jeezas - We Got Doe - December 2018,Ko0l93NdegM;Aidonia - Big Baller (Benzema),oKVCA_iJcoI;Captain Barkey - Dun A Rapist - August 2018,PxLSnH-Ph9k;MHD Ft WizKid - Bella (Official Behind The Scenes) | Link Up TV,AZegBChsFpM;Wizkid - Fine Baby feat. Cassper Nyovest [Official Video],c-1VchH0yGY;Wizkid - Feeling You feat. Stefflon Don Justine Skye (Official Video),5KFpMIeW9YA;Wizkid - Pop Up ft. Ycee (Official Video),m6zD1FmzFqk;Wizkid - ZeZe feat. SZA & Ty Dolla $ign (Official Music Video),hk4lFIXa9cI;WizKid - Come Closer ft. Drake (Official Video),vqW18C4plZ8;Trupa Banton Ft WizKid - Stay Far Remix - October 2018,9cBHIX9mqL0;Wizkid - Hold On feat. Cardi B Nicki Minaj (Official Video),x6EYSjvlyqg;Ciara - Good Loving ft. Wizkid (Official Video),OCFZnmUDt2U;WizKid - Good Times feat. Dua Lipa (Official Video),t_7Dq2GXo98;WizKid - Hustle ft. Drake (Official Video),nmy_jfydyxY;Wizkid - Sade (Official Video),DxIaNoUqf_c;Wizkid - Medicine ft. Flavour (Official Video),8YiQOqLPsI4;Wizkid - Wasted ft. Ceeza Milli (Official Video),w-h8hHY6NpQ;Velisar - Fears (Official Video),chh3Oay5mxU;Kizz Daniel - For You ft. WizKid (Official Video),4f73HnCKq8Q;Kizz Daniel - For You ft. Wizkid (Official Audio),x_JsNa2oRnI;Larry Gaaga - Low ft. Wizkid,N5iLw28GzHg;Justine Skye - U Don't Know ft. Wizkid,w2DeJ0q1Wv4;Wizkid - Final (Baba Nla) [Official Video],srwAd1iR5qI;Wizkid - Rise Up ft. Davido Tekno  Kizz Daniel  Yemi Alade  Flavour & Phyno (Official Video),XSAEPTNa-zM;Wizkid - My Way ft. Davido (Official Video),Eoty0hX1hY0;Wizkid - Kpono ft. Wande Coal (Official Video),IH413SLlFBY;Wizkid  - Joro ft. Koffee (Official Music Video),QSHTlmILQfo;Chidokeyz - Fibadi ft. Wizkid (Official Audio),8d3j1GBtyJU;Chidokeyz - Fibadi ft. Wizkid (Official Video),Akk11I8bxpE;Wizkid - Skin ft. Terri (Official Video),_O8degOskqY;Wizkid - My Way ft. Davido (Official Audio),IDjBZlNqds0;Wizkid - Rise Up ft. Davido Tekno, Kizz Daniel, Yemi Alade, Flavour & Phyno (Official Video),XSAEPTNa-zM;Kojo Funds - I Like ft. WizKid [Official Video],meuzeaGCyFY;Ceeza Milli - Felare ft. Wizkid (Official Video),AkxsISfuTlY;WizKid - Ghetto Love (Official Video),WoxN3b0jmlY;Wizkid Ft. Lil Wayne - Light Up (Official Music Video),UodvOf7VIYo;Wizkid - Burning Down ft. Melissa Steel (Official Video),E_OtHwh2_dA;WizKid - Joro (Official Video),FCUk7rIBBAE;Wizkid - Sarz ft. Ceeza Milli (Official Video),mWpxLSlDu_4;Wizkid Ft. Lil Wayne & Louane - Hold On (Official Music Video),wra2F5LcAHA;Wizkid - Pholo ft. Rema (Official Video),vqY2SgTyGqU",,wizkid,,
Paul Robeson,*PLPfdNJAylOrbmy0pP_Kg8D2jrrJNKnKt-,classic,,,,,,